{
  "run_dir": "/data/CoordExp/output/infer/coco1024_val200_lvis_proxy_mixed_objective_sota",
  "scored_jsonl": "/data/CoordExp/output/infer/coco1024_val200_lvis_proxy_mixed_objective_sota/gt_vs_pred_scored.jsonl",
  "proxy_views_dir": "/data/CoordExp/output/infer/coco1024_val200_lvis_proxy_mixed_objective_sota/proxy_eval_views",
  "output_root": "/data/CoordExp/output/infer/coco1024_val200_lvis_proxy_mixed_objective_sota",
  "views": {
    "coco_real": {
      "pred_jsonl": "/data/CoordExp/output/infer/coco1024_val200_lvis_proxy_mixed_objective_sota/proxy_eval_views/gt_vs_pred_scored.coco_real.jsonl",
      "output_dir": "/data/CoordExp/output/infer/coco1024_val200_lvis_proxy_mixed_objective_sota/eval_coco_real",
      "metrics": {
        "bbox_AP": 0.4136887628512944,
        "bbox_AP50": 0.5910329706335157,
        "bbox_AP75": 0.4202525956856178,
        "bbox_APs": 0.10306485878749787,
        "bbox_APm": 0.229171504648774,
        "bbox_APl": 0.5432688431978333,
        "bbox_AR1": 0.3895262785733668,
        "bbox_AR10": 0.5087726543150807,
        "bbox_AR100": 0.511298933041625,
        "bbox_ARs": 0.13939993007597365,
        "bbox_ARm": 0.2762187306956008,
        "bbox_ARl": 0.6192109176879765,
        "f1ish@0.30_tp_loc": 1010.0,
        "f1ish@0.30_fp_loc": 243.0,
        "f1ish@0.30_fn_loc": 434.0,
        "f1ish@0.30_pred_total": 1300.0,
        "f1ish@0.30_pred_eval": 1253.0,
        "f1ish@0.30_pred_ignored": 47.0,
        "f1ish@0.30_precision_loc_micro": 0.8060654429369514,
        "f1ish@0.30_recall_loc_micro": 0.6994459833795014,
        "f1ish@0.30_f1_loc_micro": 0.7489803485354098,
        "f1ish@0.30_precision_loc_macro": 0.8935905255651232,
        "f1ish@0.30_recall_loc_macro": 0.7832948070173756,
        "f1ish@0.30_f1_loc_macro": 0.8182344363678612,
        "f1ish@0.30_matched_sem_ok": 998.0,
        "f1ish@0.30_matched_sem_bad": 12.0,
        "f1ish@0.30_sem_acc_on_matched": 0.9881188118811881,
        "f1ish@0.30_tp_full": 998.0,
        "f1ish@0.30_fp_full": 255.0,
        "f1ish@0.30_fn_full": 446.0,
        "f1ish@0.30_precision_full_micro": 0.7964884277733439,
        "f1ish@0.30_recall_full_micro": 0.6911357340720221,
        "f1ish@0.30_f1_full_micro": 0.7400815721171673,
        "f1ish@0.30_precision_full_macro": 0.8881847438468415,
        "f1ish@0.30_recall_full_macro": 0.7781106151799909,
        "f1ish@0.30_f1_full_macro": 0.8129809572221243,
        "f1ish@0.50_tp_loc": 943.0,
        "f1ish@0.50_fp_loc": 310.0,
        "f1ish@0.50_fn_loc": 501.0,
        "f1ish@0.50_pred_total": 1300.0,
        "f1ish@0.50_pred_eval": 1253.0,
        "f1ish@0.50_pred_ignored": 47.0,
        "f1ish@0.50_precision_loc_micro": 0.7525937749401437,
        "f1ish@0.50_recall_loc_micro": 0.6530470914127424,
        "f1ish@0.50_f1_loc_micro": 0.6992955135335558,
        "f1ish@0.50_precision_loc_macro": 0.8494579310477545,
        "f1ish@0.50_recall_loc_macro": 0.7457659453438684,
        "f1ish@0.50_f1_loc_macro": 0.7790774719057785,
        "f1ish@0.50_matched_sem_ok": 934.0,
        "f1ish@0.50_matched_sem_bad": 9.0,
        "f1ish@0.50_sem_acc_on_matched": 0.9904559915164369,
        "f1ish@0.50_tp_full": 934.0,
        "f1ish@0.50_fp_full": 319.0,
        "f1ish@0.50_fn_full": 510.0,
        "f1ish@0.50_precision_full_micro": 0.7454110135674381,
        "f1ish@0.50_recall_full_micro": 0.646814404432133,
        "f1ish@0.50_f1_full_micro": 0.692621431219874,
        "f1ish@0.50_precision_full_macro": 0.8449858614506849,
        "f1ish@0.50_recall_full_macro": 0.7415482037229338,
        "f1ish@0.50_f1_full_macro": 0.7747735326528518
      },
      "counters": {
        "invalid_json": 0,
        "invalid_geometry": 0,
        "invalid_coord": 0,
        "missing_size": 0,
        "size_mismatch": 0,
        "multi_image_ignored": 0,
        "degenerate": 0,
        "empty_pred": 0,
        "unknown_desc": 0,
        "unknown_dropped": 0,
        "semantic_mapped": 0,
        "semantic_unmapped": 0,
        "semantic_report_failed": 0,
        "lvis_matched_verified_positive": 0,
        "lvis_verified_negative_unmatched": 0,
        "lvis_ignored_not_exhaustive": 0,
        "lvis_ignored_unevaluable": 0
      }
    },
    "coco_real_strict": {
      "pred_jsonl": "/data/CoordExp/output/infer/coco1024_val200_lvis_proxy_mixed_objective_sota/proxy_eval_views/gt_vs_pred_scored.coco_real_strict.jsonl",
      "output_dir": "/data/CoordExp/output/infer/coco1024_val200_lvis_proxy_mixed_objective_sota/eval_coco_real_strict",
      "metrics": {
        "bbox_AP": 0.41098738186121436,
        "bbox_AP50": 0.5858515239225337,
        "bbox_AP75": 0.41939331424535664,
        "bbox_APs": 0.09892608889932546,
        "bbox_APm": 0.23316170139614478,
        "bbox_APl": 0.5396847072242975,
        "bbox_AR1": 0.3823230776550186,
        "bbox_AR10": 0.5013080056190153,
        "bbox_AR100": 0.5038293249135316,
        "bbox_ARs": 0.13521193333024487,
        "bbox_ARm": 0.2737339555837071,
        "bbox_ARl": 0.6134919580773891,
        "f1ish@0.30_tp_loc": 1017.0,
        "f1ish@0.30_fp_loc": 236.0,
        "f1ish@0.30_fn_loc": 456.0,
        "f1ish@0.30_pred_total": 1300.0,
        "f1ish@0.30_pred_eval": 1253.0,
        "f1ish@0.30_pred_ignored": 47.0,
        "f1ish@0.30_precision_loc_micro": 0.8116520351157223,
        "f1ish@0.30_recall_loc_micro": 0.6904276985743381,
        "f1ish@0.30_f1_loc_micro": 0.7461482024944973,
        "f1ish@0.30_precision_loc_macro": 0.8996698906444884,
        "f1ish@0.30_recall_loc_macro": 0.7722159593299753,
        "f1ish@0.30_f1_loc_macro": 0.8148126308831551,
        "f1ish@0.30_matched_sem_ok": 1005.0,
        "f1ish@0.30_matched_sem_bad": 12.0,
        "f1ish@0.30_sem_acc_on_matched": 0.9882005899705014,
        "f1ish@0.30_tp_full": 1005.0,
        "f1ish@0.30_fp_full": 248.0,
        "f1ish@0.30_fn_full": 468.0,
        "f1ish@0.30_precision_full_micro": 0.8020750199521149,
        "f1ish@0.30_recall_full_micro": 0.6822810590631364,
        "f1ish@0.30_f1_full_micro": 0.7373440939104916,
        "f1ish@0.30_precision_full_macro": 0.8942641089262066,
        "f1ish@0.30_recall_full_macro": 0.7670568301492322,
        "f1ish@0.30_f1_full_macro": 0.8095686080021935,
        "f1ish@0.50_tp_loc": 950.0,
        "f1ish@0.50_fp_loc": 303.0,
        "f1ish@0.50_fn_loc": 523.0,
        "f1ish@0.50_pred_total": 1300.0,
        "f1ish@0.50_pred_eval": 1253.0,
        "f1ish@0.50_pred_ignored": 47.0,
        "f1ish@0.50_precision_loc_micro": 0.7581803671189146,
        "f1ish@0.50_recall_loc_micro": 0.6449422946367956,
        "f1ish@0.50_f1_loc_micro": 0.6969919295671313,
        "f1ish@0.50_precision_loc_macro": 0.8567039627937862,
        "f1ish@0.50_recall_loc_macro": 0.7373253979526632,
        "f1ish@0.50_f1_loc_macro": 0.7776103340725384,
        "f1ish@0.50_matched_sem_ok": 941.0,
        "f1ish@0.50_matched_sem_bad": 9.0,
        "f1ish@0.50_sem_acc_on_matched": 0.9905263157894737,
        "f1ish@0.50_tp_full": 941.0,
        "f1ish@0.50_fp_full": 312.0,
        "f1ish@0.50_fn_full": 532.0,
        "f1ish@0.50_precision_full_micro": 0.7509976057462091,
        "f1ish@0.50_recall_full_micro": 0.6388323150033944,
        "f1ish@0.50_f1_full_micro": 0.6903888481291269,
        "f1ish@0.50_precision_full_macro": 0.8522318931967167,
        "f1ish@0.50_recall_full_macro": 0.7331327189883703,
        "f1ish@0.50_f1_full_macro": 0.7733158510843873
      },
      "counters": {
        "invalid_json": 0,
        "invalid_geometry": 0,
        "invalid_coord": 0,
        "missing_size": 0,
        "size_mismatch": 0,
        "multi_image_ignored": 0,
        "degenerate": 0,
        "empty_pred": 0,
        "unknown_desc": 0,
        "unknown_dropped": 0,
        "semantic_mapped": 0,
        "semantic_unmapped": 0,
        "semantic_report_failed": 0,
        "lvis_matched_verified_positive": 0,
        "lvis_verified_negative_unmatched": 0,
        "lvis_ignored_not_exhaustive": 0,