worktree_slug	branch	branch_head	git_status	classification	source_path	snapshot_path	sha256	bytes
autoregressive-binding-template-study	codex/autoregressive-binding-template-study	e026b290e1	A	missing_on_main_same_path	configs/analysis/autoregressive_binding_template_ablation/ckpt928_pair_val200.yaml	snapshots/autoregressive-binding-template-study/configs/analysis/autoregressive_binding_template_ablation/ckpt928_pair_val200.yaml	816033dabc3daa391f13cb15735fe5f5d15b01a82055f09277f634452db79099	5037
autoregressive-binding-template-study	codex/autoregressive-binding-template-study	e026b290e1	A	missing_on_main_same_path	docs/superpowers/plans/2026-06-18-autoregressive-binding-mechanism-phase3.md	snapshots/autoregressive-binding-template-study/docs/superpowers/plans/2026-06-18-autoregressive-binding-mechanism-phase3.md	dcc74a9721dd4d948c2bbbddce6cb8812c422e91ed5986798b29b4424fd58576	81278
autoregressive-binding-template-study	codex/autoregressive-binding-template-study	e026b290e1	A	missing_on_main_same_path	docs/superpowers/plans/2026-06-19-realized-behavior-bridge.md	snapshots/autoregressive-binding-template-study/docs/superpowers/plans/2026-06-19-realized-behavior-bridge.md	1215c85f3d91c00e0af9564a11d2ce1e55f441d3ca57e74d221f4bc51bf50c50	39036
autoregressive-binding-template-study	codex/autoregressive-binding-template-study	e026b290e1	A	missing_on_main_same_path	docs/superpowers/plans/2026-06-22-binding-state-formation-roadmap.md	snapshots/autoregressive-binding-template-study/docs/superpowers/plans/2026-06-22-binding-state-formation-roadmap.md	593a93b06c5a9c24ff4e0a28d89d3debb2b79ae9f0c227d00906b6bf37f94e95	87021
autoregressive-binding-template-study	codex/autoregressive-binding-template-study	e026b290e1	A	missing_on_main_same_path	docs/superpowers/plans/2026-06-25-prefix-denoising-surgery-probing-roadmap.md	snapshots/autoregressive-binding-template-study/docs/superpowers/plans/2026-06-25-prefix-denoising-surgery-probing-roadmap.md	9d7b7f9c02d03f0056d1469d3f759787fd0785304554cbbec982784897e3f6fd	30638
autoregressive-binding-template-study	codex/autoregressive-binding-template-study	e026b290e1	A	missing_on_main_same_path	docs/superpowers/specs/2026-06-25-prefix-denoising-surgery-probing-design.md	snapshots/autoregressive-binding-template-study/docs/superpowers/specs/2026-06-25-prefix-denoising-surgery-probing-design.md	875eb85813b9eeb85a15aecaf0bca4cae0b98c0a63021359bc321b4f650ea285	9276
autoregressive-binding-template-study	codex/autoregressive-binding-template-study	e026b290e1	A	missing_on_main_same_path	progress/diagnostics/2026-06-18_autoregressive_binding_template_ablation_charter.md	snapshots/autoregressive-binding-template-study/progress/diagnostics/2026-06-18_autoregressive_binding_template_ablation_charter.md	9b3282ed94b8ea5c5b78a59e68b86ec09e178f4301db5b17870ff2b82ffeae0a	13426
autoregressive-binding-template-study	codex/autoregressive-binding-template-study	e026b290e1	A	missing_on_main_same_path	progress/diagnostics/2026-06-18_autoregressive_binding_template_initial_cohort.md	snapshots/autoregressive-binding-template-study/progress/diagnostics/2026-06-18_autoregressive_binding_template_initial_cohort.md	c07553b710441fc88d1d9498fbe8c6bff3da95c55936a51c4df160599fa29b78	3958
autoregressive-binding-template-study	codex/autoregressive-binding-template-study	e026b290e1	A	missing_on_main_same_path	progress/diagnostics/2026-06-18_binding_mechanism_phase3_audit_adjusted_findings.md	snapshots/autoregressive-binding-template-study/progress/diagnostics/2026-06-18_binding_mechanism_phase3_audit_adjusted_findings.md	272b7d2202853ce5bb21a39289636770542fa85a0aa9924e16ac91a522ff2943	17284
autoregressive-binding-template-study	codex/autoregressive-binding-template-study	e026b290e1	A	missing_on_main_same_path	progress/diagnostics/2026-06-18_binding_mechanism_recursive_convergence.md	snapshots/autoregressive-binding-template-study/progress/diagnostics/2026-06-18_binding_mechanism_recursive_convergence.md	1853f5369033f921be5a865d52c71730de10044916fc398d5bcd7250e51bb38c	11884
autoregressive-binding-template-study	codex/autoregressive-binding-template-study	e026b290e1	A	missing_on_main_same_path	progress/diagnostics/2026-06-18_binding_template_deep_probe_v1_findings.md	snapshots/autoregressive-binding-template-study/progress/diagnostics/2026-06-18_binding_template_deep_probe_v1_findings.md	da407f62f966bc2a9130e809902dfb8c6697c825c8f59b9e9c58a2d8c4b5ecee	9665
autoregressive-binding-template-study	codex/autoregressive-binding-template-study	e026b290e1	A	missing_on_main_same_path	progress/diagnostics/2026-06-18_binding_template_token_embeddings_surface_v2_findings.md	snapshots/autoregressive-binding-template-study/progress/diagnostics/2026-06-18_binding_template_token_embeddings_surface_v2_findings.md	8e13fabaf00300271a331643d019310b96126602e2f2bad1be5d34bb8d12e6ae	8521
autoregressive-binding-template-study	codex/autoregressive-binding-template-study	e026b290e1	A	missing_on_main_same_path	progress/diagnostics/2026-06-19_realized_behavior_bridge_findings.md	snapshots/autoregressive-binding-template-study/progress/diagnostics/2026-06-19_realized_behavior_bridge_findings.md	6784e2cb01d777245deef19df776ee49f1a0b054b0ada7ec613ba6067aa89d98	252813
autoregressive-binding-template-study	codex/autoregressive-binding-template-study	e026b290e1	A	missing_on_main_same_path	progress/diagnostics/2026-06-19_realized_behavior_bridge_plan.md	snapshots/autoregressive-binding-template-study/progress/diagnostics/2026-06-19_realized_behavior_bridge_plan.md	bb622863685855eafa57313f37fd4c0b82856f35ed804186b13374a0e17d09f9	5103
autoregressive-binding-template-study	codex/autoregressive-binding-template-study	e026b290e1	A	missing_on_main_same_path	progress/diagnostics/2026-06-20_adaptive_basin_attention_value_bridge.md	snapshots/autoregressive-binding-template-study/progress/diagnostics/2026-06-20_adaptive_basin_attention_value_bridge.md	bb8ee14fd66a8ac414a767d0f16b7daca0b7631cfd6f3dac22b428569e9017da	66566
autoregressive-binding-template-study	codex/autoregressive-binding-template-study	e026b290e1	A	missing_on_main_same_path	progress/diagnostics/2026-06-20_bbox_divergence_value_region_continuation_findings.md	snapshots/autoregressive-binding-template-study/progress/diagnostics/2026-06-20_bbox_divergence_value_region_continuation_findings.md	bd281d91ea72659ac9be68447a42099716ede692a7f4aac5b59724ce899c7d3b	8884
autoregressive-binding-template-study	codex/autoregressive-binding-template-study	e026b290e1	A	missing_on_main_same_path	progress/diagnostics/2026-06-20_object_step_coordinate_basin_localization.md	snapshots/autoregressive-binding-template-study/progress/diagnostics/2026-06-20_object_step_coordinate_basin_localization.md	ce51c0fe77e3078742614a2fcc22f91d320cdee16cb2fdc0dcfb9e709afead8b	11860
autoregressive-binding-template-study	codex/autoregressive-binding-template-study	e026b290e1	A	missing_on_main_same_path	progress/diagnostics/2026-06-20_object_step_head_route_tomography.md	snapshots/autoregressive-binding-template-study/progress/diagnostics/2026-06-20_object_step_head_route_tomography.md	b73922eb07031bded41648100f9a557105fd7711c6e1e4040cdfaadc6354926e	11247
autoregressive-binding-template-study	codex/autoregressive-binding-template-study	e026b290e1	A	missing_on_main_same_path	progress/diagnostics/2026-06-20_object_step_structural_residual_decomposition.md	snapshots/autoregressive-binding-template-study/progress/diagnostics/2026-06-20_object_step_structural_residual_decomposition.md	b1a8b1cc538089f511435ce45a475580092cd6407ae236e680337f3622d845df	13130
autoregressive-binding-template-study	codex/autoregressive-binding-template-study	e026b290e1	A	missing_on_main_same_path	progress/diagnostics/2026-06-20_object_step_value_contribution_tomography.md	snapshots/autoregressive-binding-template-study/progress/diagnostics/2026-06-20_object_step_value_contribution_tomography.md	555a00e3ca462f6997acc9889706bb8847b2c656d29e6af2d7a524640d0cdc4e	8367
autoregressive-binding-template-study	codex/autoregressive-binding-template-study	e026b290e1	A	missing_on_main_same_path	progress/diagnostics/2026-06-20_object_step_value_region_continuation_bridge.md	snapshots/autoregressive-binding-template-study/progress/diagnostics/2026-06-20_object_step_value_region_continuation_bridge.md	7f62ab3acbddf64096f5cb487e810b9d9bd70e8d4b233b7bd294a76424dc4382	12701
autoregressive-binding-template-study	codex/autoregressive-binding-template-study	e026b290e1	A	missing_on_main_same_path	progress/diagnostics/2026-06-20_post_repair_duplicate_coordinate_basin_findings.md	snapshots/autoregressive-binding-template-study/progress/diagnostics/2026-06-20_post_repair_duplicate_coordinate_basin_findings.md	fefb94ef6ff8305d48aeb89fc5d1ef1f5e2430deb361727ee7738b062a1af49b	20562
autoregressive-binding-template-study	codex/autoregressive-binding-template-study	e026b290e1	A	missing_on_main_same_path	progress/diagnostics/2026-06-20_residual_token_surface_alignment_findings.md	snapshots/autoregressive-binding-template-study/progress/diagnostics/2026-06-20_residual_token_surface_alignment_findings.md	a91e03eaf82d0272388402f169e9b3b41353f677445cb6549665db1be6d53ffc	7376
autoregressive-binding-template-study	codex/autoregressive-binding-template-study	e026b290e1	A	missing_on_main_same_path	progress/diagnostics/2026-06-20_row_specific_bbox_divergence_contrast_panel_findings.md	snapshots/autoregressive-binding-template-study/progress/diagnostics/2026-06-20_row_specific_bbox_divergence_contrast_panel_findings.md	f81c2d71f96bfac57c5084775a97eb2ac783a46a2ec5943a8ab974e63fad3b4b	6278
autoregressive-binding-template-study	codex/autoregressive-binding-template-study	e026b290e1	A	missing_on_main_same_path	progress/diagnostics/2026-06-20_row_specific_bbox_surface_divergence_findings.md	snapshots/autoregressive-binding-template-study/progress/diagnostics/2026-06-20_row_specific_bbox_surface_divergence_findings.md	7a16226b78569500fe403770456ad549110598030c52170cbafce86b7bdfb206	8540
autoregressive-binding-template-study	codex/autoregressive-binding-template-study	e026b290e1	A	missing_on_main_same_path	progress/diagnostics/2026-06-20_row_specific_bbox_surface_findings.md	snapshots/autoregressive-binding-template-study/progress/diagnostics/2026-06-20_row_specific_bbox_surface_findings.md	74e2b057d78c8eb78dac11e4d00f99ff467f87367dc932dca7f77561997703b6	6301
autoregressive-binding-template-study	codex/autoregressive-binding-template-study	e026b290e1	A	missing_on_main_same_path	progress/diagnostics/2026-06-20_source36_coordinate_threshold_hidden_state_readout.md	snapshots/autoregressive-binding-template-study/progress/diagnostics/2026-06-20_source36_coordinate_threshold_hidden_state_readout.md	e2d1f6f292035e4aa25c29f11af9b2dd72551842cf48b69c506a1d32f7f63660	15296
autoregressive-binding-template-study	codex/autoregressive-binding-template-study	e026b290e1	A	missing_on_main_same_path	progress/diagnostics/2026-06-20_strict_object_step_projection_residual_factorial_findings.md	snapshots/autoregressive-binding-template-study/progress/diagnostics/2026-06-20_strict_object_step_projection_residual_factorial_findings.md	acfe322cac79d035649bed7e2da66a34a57071aeac8b852ab8453c3d906a09a9	13121
autoregressive-binding-template-study	codex/autoregressive-binding-template-study	e026b290e1	A	missing_on_main_same_path	progress/diagnostics/2026-06-20_value_region_projection_residual_factorial_probe.md	snapshots/autoregressive-binding-template-study/progress/diagnostics/2026-06-20_value_region_projection_residual_factorial_probe.md	222524517017604321c7cee73d39c17eff86612d29b14819ff6ebb35d02b2337	6408
autoregressive-binding-template-study	codex/autoregressive-binding-template-study	e026b290e1	A	missing_on_main_same_path	progress/diagnostics/2026-06-21_adapter_scale_sweep_surface_findings.md	snapshots/autoregressive-binding-template-study/progress/diagnostics/2026-06-21_adapter_scale_sweep_surface_findings.md	a781eb1548cc0c91c4fd6bbe146bf6c2a8582cbb41e2bd49dc11def835711992	6009
autoregressive-binding-template-study	codex/autoregressive-binding-template-study	e026b290e1	A	missing_on_main_same_path	progress/diagnostics/2026-06-21_adapter_surface_probe_decomposition_findings.md	snapshots/autoregressive-binding-template-study/progress/diagnostics/2026-06-21_adapter_surface_probe_decomposition_findings.md	9c9958c011743e71d0da5c7e3d1553dd959014032f67eaa45676b9b07a029c75	8209
autoregressive-binding-template-study	codex/autoregressive-binding-template-study	e026b290e1	A	missing_on_main_same_path	progress/diagnostics/2026-06-21_coord_target_direction_causal_patch_findings.md	snapshots/autoregressive-binding-template-study/progress/diagnostics/2026-06-21_coord_target_direction_causal_patch_findings.md	dbb511f594f3adc4897e5ab55260b242cf4fef6b9a318b257749ccd9344cfdee	9099
autoregressive-binding-template-study	codex/autoregressive-binding-template-study	e026b290e1	A	missing_on_main_same_path	progress/diagnostics/2026-06-21_coord_target_mean_direction_causal_patch_findings.md	snapshots/autoregressive-binding-template-study/progress/diagnostics/2026-06-21_coord_target_mean_direction_causal_patch_findings.md	a2a538ba61f98870de16856c753fddafdd0e2ae4199415e29fcd8865ef1f17ab	7924
autoregressive-binding-template-study	codex/autoregressive-binding-template-study	e026b290e1	A	missing_on_main_same_path	progress/diagnostics/2026-06-21_local_simplex_surface_adapter_bridge_findings.md	snapshots/autoregressive-binding-template-study/progress/diagnostics/2026-06-21_local_simplex_surface_adapter_bridge_findings.md	22d64a809250365ef263d011309bcbc299c43def7a9cd434cd5e9e10a59bcaeb	8520
autoregressive-binding-template-study	codex/autoregressive-binding-template-study	e026b290e1	A	missing_on_main_same_path	progress/diagnostics/2026-06-21_post_box_baseline_delta_causal_patch_findings.md	snapshots/autoregressive-binding-template-study/progress/diagnostics/2026-06-21_post_box_baseline_delta_causal_patch_findings.md	b18931ede359a12d3b72b883403f4084f551e68a0a7364efebd0fa990626eb97	9405
autoregressive-binding-template-study	codex/autoregressive-binding-template-study	e026b290e1	A	missing_on_main_same_path	progress/diagnostics/2026-06-21_post_box_component_localization_findings.md	snapshots/autoregressive-binding-template-study/progress/diagnostics/2026-06-21_post_box_component_localization_findings.md	63fe8687de8276e8785d3526fa96278605b081c19251dd4b8c856f5ad51d2da1	9455
autoregressive-binding-template-study	codex/autoregressive-binding-template-study	e026b290e1	A	missing_on_main_same_path	progress/diagnostics/2026-06-21_post_box_counterfactual_hidden_attention_findings.md	snapshots/autoregressive-binding-template-study/progress/diagnostics/2026-06-21_post_box_counterfactual_hidden_attention_findings.md	188d4c3878c94f723898d6d928e3e5322b6e7aaf054215a855f953b9f8ae9cfe	12080
autoregressive-binding-template-study	codex/autoregressive-binding-template-study	e026b290e1	A	missing_on_main_same_path	progress/diagnostics/2026-06-21_post_box_descriptor_causal_patch_findings.md	snapshots/autoregressive-binding-template-study/progress/diagnostics/2026-06-21_post_box_descriptor_causal_patch_findings.md	f72e7809635bbdf89f4770862e5106a3d56c95e96f7cd14777ff95fc64f9e325	11783
autoregressive-binding-template-study	codex/autoregressive-binding-template-study	e026b290e1	A	missing_on_main_same_path	progress/diagnostics/2026-06-21_post_box_hidden_delta_descriptor_alignment.md	snapshots/autoregressive-binding-template-study/progress/diagnostics/2026-06-21_post_box_hidden_delta_descriptor_alignment.md	af685b79fce7c75ff1862503af0c0f5d1ea0cbe32ff15a660593a1e2f6c92822	12494
autoregressive-binding-template-study	codex/autoregressive-binding-template-study	e026b290e1	A	missing_on_main_same_path	progress/diagnostics/2026-06-21_post_box_layer_input_projection_subspace_findings.md	snapshots/autoregressive-binding-template-study/progress/diagnostics/2026-06-21_post_box_layer_input_projection_subspace_findings.md	8b80ec550c2a29aeb4359a17a784434c8f7197e33a10d8817a7f097b2b97417f	12088
autoregressive-binding-template-study	codex/autoregressive-binding-template-study	e026b290e1	A	missing_on_main_same_path	progress/diagnostics/2026-06-21_post_box_layer_input_residual_carrier_findings.md	snapshots/autoregressive-binding-template-study/progress/diagnostics/2026-06-21_post_box_layer_input_residual_carrier_findings.md	963a3dffd3d7530ce7d51ab0c10aae2cfdd54260c812450789d9526d9d24daac	11034
autoregressive-binding-template-study	codex/autoregressive-binding-template-study	e026b290e1	A	missing_on_main_same_path	progress/diagnostics/2026-06-21_post_box_self_next_transition_findings.md	snapshots/autoregressive-binding-template-study/progress/diagnostics/2026-06-21_post_box_self_next_transition_findings.md	700f6a51dd634c9acd16f6de84d195f14835dc350cac3f92f1c69cc11e8c5a62	11077
autoregressive-binding-template-study	codex/autoregressive-binding-template-study	e026b290e1	A	missing_on_main_same_path	progress/diagnostics/2026-06-21_ridge_depth_panel_reducer_findings.md	snapshots/autoregressive-binding-template-study/progress/diagnostics/2026-06-21_ridge_depth_panel_reducer_findings.md	6b4c02c1fc381fb0d3a18456208fe3e1025b569e735dbd1c9dadcfad91687e06	7233
autoregressive-binding-template-study	codex/autoregressive-binding-template-study	e026b290e1	A	missing_on_main_same_path	progress/diagnostics/2026-06-21_route_ridge_bridge_findings.md	snapshots/autoregressive-binding-template-study/progress/diagnostics/2026-06-21_route_ridge_bridge_findings.md	31546a03c132e834a57a2625712f62f0cd725643635c71c503704521726e1771	10197
autoregressive-binding-template-study	codex/autoregressive-binding-template-study	e026b290e1	A	missing_on_main_same_path	progress/diagnostics/2026-06-21_source123_145_onset_ridge_depth_probe.md	snapshots/autoregressive-binding-template-study/progress/diagnostics/2026-06-21_source123_145_onset_ridge_depth_probe.md	981fd08f3b201845854da00ab4b01abda77940363314dd6cca8e3a18a87e3032	7275
autoregressive-binding-template-study	codex/autoregressive-binding-template-study	e026b290e1	A	missing_on_main_same_path	progress/diagnostics/2026-06-21_source33_coordinate_causal_recenter_probe.md	snapshots/autoregressive-binding-template-study/progress/diagnostics/2026-06-21_source33_coordinate_causal_recenter_probe.md	e9b991d075ef173ce25a7178eff49e553ff13d08a41c7a073601638dd28c42c0	8603
autoregressive-binding-template-study	codex/autoregressive-binding-template-study	e026b290e1	A	missing_on_main_same_path	progress/diagnostics/2026-06-21_source33_y2_local_anchor_basin_probe.md	snapshots/autoregressive-binding-template-study/progress/diagnostics/2026-06-21_source33_y2_local_anchor_basin_probe.md	0891ccc199b6983feeda459742152c1bf7ffa2e87e31c9aace20183411ec11ef	7048
autoregressive-binding-template-study	codex/autoregressive-binding-template-study	e026b290e1	A	missing_on_main_same_path	progress/diagnostics/2026-06-21_source36_combined_value_region_coord_probe_findings.md	snapshots/autoregressive-binding-template-study/progress/diagnostics/2026-06-21_source36_combined_value_region_coord_probe_findings.md	b5a78a10a69caabac2a932f7a2a66bde3419c9f606c7c922e6a47c17901540b0	9633
autoregressive-binding-template-study	codex/autoregressive-binding-template-study	e026b290e1	A	missing_on_main_same_path	progress/diagnostics/2026-06-21_source36_local_ridge_head_surface_alignment_findings.md	snapshots/autoregressive-binding-template-study/progress/diagnostics/2026-06-21_source36_local_ridge_head_surface_alignment_findings.md	c0f1bb7789458bd8b2430042d94002322a801de9c20eee0a9f6589d125863ba6	7410
autoregressive-binding-template-study	codex/autoregressive-binding-template-study	e026b290e1	A	missing_on_main_same_path	progress/diagnostics/2026-06-21_source36_onset_local_mean_recenter_probe.md	snapshots/autoregressive-binding-template-study/progress/diagnostics/2026-06-21_source36_onset_local_mean_recenter_probe.md	f467d2308dc9bc8ef7a1bf9d5e63ef2fa7c5b9a5d06e3388f929773c87987b0d	7268
autoregressive-binding-template-study	codex/autoregressive-binding-template-study	e026b290e1	A	missing_on_main_same_path	progress/diagnostics/2026-06-21_source36_value_region_coord_probe_causal_findings.md	snapshots/autoregressive-binding-template-study/progress/diagnostics/2026-06-21_source36_value_region_coord_probe_causal_findings.md	fb6307328c315047dd2d694117b4bf898264b5203d54f3f156093860ef32164b	9465
autoregressive-binding-template-study	codex/autoregressive-binding-template-study	e026b290e1	A	missing_on_main_same_path	progress/diagnostics/2026-06-21_value_route_causal_continuation_findings.md	snapshots/autoregressive-binding-template-study/progress/diagnostics/2026-06-21_value_route_causal_continuation_findings.md	54bbc50781df0d50947d5f56fbb9ce6fd270eea1f7884093e2c1d6196962a906	53433
autoregressive-binding-template-study	codex/autoregressive-binding-template-study	e026b290e1	A	missing_on_main_same_path	progress/diagnostics/2026-06-22_autoregressive_binding_closeout_next_directions.md	snapshots/autoregressive-binding-template-study/progress/diagnostics/2026-06-22_autoregressive_binding_closeout_next_directions.md	4e16de84e0d84477674568fe2a82b21249a9a94ba0337f0d5fe8012e19f1315e	11437
autoregressive-binding-template-study	codex/autoregressive-binding-template-study	e026b290e1	A	missing_on_main_same_path	progress/diagnostics/2026-06-22_baseline_inertia_boundary_basin_findings.md	snapshots/autoregressive-binding-template-study/progress/diagnostics/2026-06-22_baseline_inertia_boundary_basin_findings.md	d54c630e20184935ed5b3d2c8036a4b9a848b679534fdae87be42cc7cd3eeeac	14510
autoregressive-binding-template-study	codex/autoregressive-binding-template-study	e026b290e1	A	missing_on_main_same_path	progress/diagnostics/2026-06-22_boundary_gate_train_val_probe.md	snapshots/autoregressive-binding-template-study/progress/diagnostics/2026-06-22_boundary_gate_train_val_probe.md	5fa96043a020891975ea2d61733c451e2a93be6097968ac7e1aa77e77ff5b531	8518
autoregressive-binding-template-study	codex/autoregressive-binding-template-study	e026b290e1	A	missing_on_main_same_path	progress/diagnostics/2026-06-22_candidate_probe_panel_findings.md	snapshots/autoregressive-binding-template-study/progress/diagnostics/2026-06-22_candidate_probe_panel_findings.md	403862191d3b1dedcdaba63faaf3187e0c850666cda4d030f9930af25d41dae6	5489
autoregressive-binding-template-study	codex/autoregressive-binding-template-study	e026b290e1	A	missing_on_main_same_path	progress/diagnostics/2026-06-22_candidate_rollout_label_findings.md	snapshots/autoregressive-binding-template-study/progress/diagnostics/2026-06-22_candidate_rollout_label_findings.md	daa087fd9b33072db73c9f3b2453ca2d2a2c5a3b753e9e0c60e79dd61377416f	6015
autoregressive-binding-template-study	codex/autoregressive-binding-template-study	e026b290e1	A	missing_on_main_same_path	progress/diagnostics/2026-06-22_component_basin_label_findings.md	snapshots/autoregressive-binding-template-study/progress/diagnostics/2026-06-22_component_basin_label_findings.md	fdcdb49db620f893bba266399b1821aa5f005867e67624b4f02be73186e36786	6302
autoregressive-binding-template-study	codex/autoregressive-binding-template-study	e026b290e1	A	missing_on_main_same_path	progress/diagnostics/2026-06-22_continuation_taxonomy_batch_contrast_findings.md	snapshots/autoregressive-binding-template-study/progress/diagnostics/2026-06-22_continuation_taxonomy_batch_contrast_findings.md	cec99d43e7078fffe1f22acaaf85c050d3b237f0d8c8ef1eb05e17d829dc0bd5	8357
autoregressive-binding-template-study	codex/autoregressive-binding-template-study	e026b290e1	A	missing_on_main_same_path	progress/diagnostics/2026-06-22_destination_family_staged_hidden_findings.md	snapshots/autoregressive-binding-template-study/progress/diagnostics/2026-06-22_destination_family_staged_hidden_findings.md	b2ec9b9436235e6c775b7edaabad06769e15cb7538360d581a47aae734bbee81	9312
autoregressive-binding-template-study	codex/autoregressive-binding-template-study	e026b290e1	A	missing_on_main_same_path	progress/diagnostics/2026-06-22_formation_position_row_builder_findings.md	snapshots/autoregressive-binding-template-study/progress/diagnostics/2026-06-22_formation_position_row_builder_findings.md	3de437d3c50fcd56f06e4712a70eb3b2f322bd85915147058da22bea6e7dd37e	4988
autoregressive-binding-template-study	codex/autoregressive-binding-template-study	e026b290e1	A	missing_on_main_same_path	progress/diagnostics/2026-06-22_formation_readout_probe_smoke_findings.md	snapshots/autoregressive-binding-template-study/progress/diagnostics/2026-06-22_formation_readout_probe_smoke_findings.md	5ff1a03ea33eb745fbec28376ca6ed5bead36bae53b55e0a31deb35c7fc3693d	101131
autoregressive-binding-template-study	codex/autoregressive-binding-template-study	e026b290e1	A	missing_on_main_same_path	progress/diagnostics/2026-06-22_formation_span_continuation_findings.md	snapshots/autoregressive-binding-template-study/progress/diagnostics/2026-06-22_formation_span_continuation_findings.md	6779a894fb920711f5eea8a08d2cfde9828244a70af5fe60300907c97fd98aa7	56822
autoregressive-binding-template-study	codex/autoregressive-binding-template-study	e026b290e1	A	missing_on_main_same_path	progress/diagnostics/2026-06-22_geometry_basis_falsifier_findings.md	snapshots/autoregressive-binding-template-study/progress/diagnostics/2026-06-22_geometry_basis_falsifier_findings.md	ff97244e5b436be2276a6c0e378ff1ef740ee873b086efa3ff58fa3e6a7f2abf	15786
autoregressive-binding-template-study	codex/autoregressive-binding-template-study	e026b290e1	A	missing_on_main_same_path	progress/diagnostics/2026-06-22_hidden_patch_continuation_binding_findings.md	snapshots/autoregressive-binding-template-study/progress/diagnostics/2026-06-22_hidden_patch_continuation_binding_findings.md	abc4c1b6917022443367a02bf27c021a1607713742964cbf91b64f6dccb65089	12030
autoregressive-binding-template-study	codex/autoregressive-binding-template-study	e026b290e1	A	missing_on_main_same_path	progress/diagnostics/2026-06-22_panel_formation_rows_findings.md	snapshots/autoregressive-binding-template-study/progress/diagnostics/2026-06-22_panel_formation_rows_findings.md	b35ad951e3502a19feec8abf32ff7aa45578d4a9f08b1833883dbda8403d87b7	7230
autoregressive-binding-template-study	codex/autoregressive-binding-template-study	e026b290e1	A	missing_on_main_same_path	progress/diagnostics/2026-06-22_path_avg_transport_projection_findings.md	snapshots/autoregressive-binding-template-study/progress/diagnostics/2026-06-22_path_avg_transport_projection_findings.md	e626ea9acb56b40a9309b2b68a840db8f869a77f09abd994686d1e2229800e61	11407
autoregressive-binding-template-study	codex/autoregressive-binding-template-study	e026b290e1	A	missing_on_main_same_path	progress/diagnostics/2026-06-22_per256_train_failure_destination_findings.md	snapshots/autoregressive-binding-template-study/progress/diagnostics/2026-06-22_per256_train_failure_destination_findings.md	514eb1257f0b1aaf69a01d4adb3ee64b60bb5277e35e6005a6cd1d067b8d484d	8437
autoregressive-binding-template-study	codex/autoregressive-binding-template-study	e026b290e1	A	missing_on_main_same_path	progress/diagnostics/2026-06-22_per96_population_scaffold_readout_findings.md	snapshots/autoregressive-binding-template-study/progress/diagnostics/2026-06-22_per96_population_scaffold_readout_findings.md	c4678c49957bee5f573e3bfadf35301702f2d5541095d98fec9a0749f4944ce1	29426
autoregressive-binding-template-study	codex/autoregressive-binding-template-study	e026b290e1	A	missing_on_main_same_path	progress/diagnostics/2026-06-22_pre_x1_basin_choice_probe_findings.md	snapshots/autoregressive-binding-template-study/progress/diagnostics/2026-06-22_pre_x1_basin_choice_probe_findings.md	ecb0deadcb5acd04d1b593dea0853f88fc45f429ebea99e2be6384463a26d7b1	34157
autoregressive-binding-template-study	codex/autoregressive-binding-template-study	e026b290e1	A	missing_on_main_same_path	progress/diagnostics/2026-06-22_slot_phase_clean_intrusive_contrast_findings.md	snapshots/autoregressive-binding-template-study/progress/diagnostics/2026-06-22_slot_phase_clean_intrusive_contrast_findings.md	de4752dfb186a27e9679cc3c26d0691e3e75213b84fc0781ced0ae3cd818171b	8744
autoregressive-binding-template-study	codex/autoregressive-binding-template-study	e026b290e1	A	missing_on_main_same_path	progress/diagnostics/2026-06-22_slot_phase_delta_population_findings.md	snapshots/autoregressive-binding-template-study/progress/diagnostics/2026-06-22_slot_phase_delta_population_findings.md	40e925a028e03f1c393086a8279c9119dc4014c52846d35dff57c87e40b46efb	28664
autoregressive-binding-template-study	codex/autoregressive-binding-template-study	e026b290e1	A	missing_on_main_same_path	progress/diagnostics/2026-06-22_staged_slot_guided_delta_patch_findings.md	snapshots/autoregressive-binding-template-study/progress/diagnostics/2026-06-22_staged_slot_guided_delta_patch_findings.md	fe566c2513eeb8a8344df283207c8dc56d85ede239e4167a254ebb4c814cf0a9	13533
autoregressive-binding-template-study	codex/autoregressive-binding-template-study	e026b290e1	A	missing_on_main_same_path	progress/diagnostics/2026-06-22_train_destination_component_and_val_mirror_findings.md	snapshots/autoregressive-binding-template-study/progress/diagnostics/2026-06-22_train_destination_component_and_val_mirror_findings.md	994b8adec56e36cff8762bbf5413c2b70430db28a7409544812be38da7b87950	19200
autoregressive-binding-template-study	codex/autoregressive-binding-template-study	e026b290e1	A	missing_on_main_same_path	progress/diagnostics/2026-06-22_train_val_candidate_bank_findings.md	snapshots/autoregressive-binding-template-study/progress/diagnostics/2026-06-22_train_val_candidate_bank_findings.md	a8d71268de7e73eac503750c87792e534336851dc9bb5b331df0e0a536c015ea	6184
autoregressive-binding-template-study	codex/autoregressive-binding-template-study	e026b290e1	A	missing_on_main_same_path	progress/diagnostics/2026-06-22_transported_readout_projection_findings.md	snapshots/autoregressive-binding-template-study/progress/diagnostics/2026-06-22_transported_readout_projection_findings.md	dc2846cf23e21dde7adc84f22c8716907915a553f650da68a34cede18eedf8f1	9270
autoregressive-binding-template-study	codex/autoregressive-binding-template-study	e026b290e1	A	missing_on_main_same_path	progress/diagnostics/2026-06-23_clean_prex1_ownership_transition_findings.md	snapshots/autoregressive-binding-template-study/progress/diagnostics/2026-06-23_clean_prex1_ownership_transition_findings.md	67ec0b723cff097c83211a1da3fe75eb365cbd5cd4a7b9a18f42c89430476888	15460
autoregressive-binding-template-study	codex/autoregressive-binding-template-study	e026b290e1	A	missing_on_main_same_path	progress/diagnostics/2026-06-23_per256_staged_failure_mode_findings.md	snapshots/autoregressive-binding-template-study/progress/diagnostics/2026-06-23_per256_staged_failure_mode_findings.md	e95e0210dc85cbf365e6356652da5f47e34b85a0abd71bf605594b8ba3a50a15	9100
autoregressive-binding-template-study	codex/autoregressive-binding-template-study	e026b290e1	A	missing_on_main_same_path	progress/diagnostics/2026-06-25_prefix_denoising_surgery_probing_findings.md	snapshots/autoregressive-binding-template-study/progress/diagnostics/2026-06-25_prefix_denoising_surgery_probing_findings.md	5ac0034c4624c39e6f8c0c941dcf709f5f577912bab7d94640463bd9df8c7717	546091
autoregressive-binding-template-study	codex/autoregressive-binding-template-study	e026b290e1	A	missing_on_main_same_path	progress/diagnostics/2026-06-26_image16228_prefix_denoising_value_origin_findings.md	snapshots/autoregressive-binding-template-study/progress/diagnostics/2026-06-26_image16228_prefix_denoising_value_origin_findings.md	a389edd458d2c043fa7a2555834da2cf0360391d5f5a46fa34a531ffa2627a13	28596
autoregressive-binding-template-study	codex/autoregressive-binding-template-study	e026b290e1	A	missing_on_main_same_path	progress/diagnostics/2026-06-26_image19432_sameprefix_tail_bridge_findings.md	snapshots/autoregressive-binding-template-study/progress/diagnostics/2026-06-26_image19432_sameprefix_tail_bridge_findings.md	8942d740f53dff0be588bb9984b6da1409241fac38879bbd2a79b3ad2f972bcd	8461
autoregressive-binding-template-study	codex/autoregressive-binding-template-study	e026b290e1	A	missing_on_main_same_path	progress/diagnostics/2026-06-26_image19432_y2_route_surgery_findings.md	snapshots/autoregressive-binding-template-study/progress/diagnostics/2026-06-26_image19432_y2_route_surgery_findings.md	a93759486460b150115918626a4fdacdf69adadc891170a87eabd5be6f07380d	10320
autoregressive-binding-template-study	codex/autoregressive-binding-template-study	e026b290e1	A	missing_on_main_same_path	progress/diagnostics/2026-06-26_image2157_contextual_tail_binding_findings.md	snapshots/autoregressive-binding-template-study/progress/diagnostics/2026-06-26_image2157_contextual_tail_binding_findings.md	1dd93682c2f750c4bf8b8fa738e9f3f62febf5d5cec06bf678f5e75191ef986a	10871
autoregressive-binding-template-study	codex/autoregressive-binding-template-study	e026b290e1	A	missing_on_main_same_path	progress/diagnostics/2026-06-26_image2157_prefix_denoising_simplex_findings.md	snapshots/autoregressive-binding-template-study/progress/diagnostics/2026-06-26_image2157_prefix_denoising_simplex_findings.md	ddc51c6c56f47d1b35a1896159cfd0a08f18a5ce8e862cd681a7bbd44d6a0f04	6058
autoregressive-binding-template-study	codex/autoregressive-binding-template-study	e026b290e1	A	missing_on_main_same_path	progress/diagnostics/2026-06-27_18380_full_span_slot_state_patch.md	snapshots/autoregressive-binding-template-study/progress/diagnostics/2026-06-27_18380_full_span_slot_state_patch.md	329f667348475be335b8ace93cf121351d5dcdd2052ce248de92f85a9ed9241f	6020
autoregressive-binding-template-study	codex/autoregressive-binding-template-study	e026b290e1	A	missing_on_main_same_path	progress/diagnostics/2026-06-27_cross_sample_fn_guidance_prefix_history.md	snapshots/autoregressive-binding-template-study/progress/diagnostics/2026-06-27_cross_sample_fn_guidance_prefix_history.md	30af13e39923a9c906ea0665226ade3455a0c5403035d273192e6e48df04cf97	14647
autoregressive-binding-template-study	codex/autoregressive-binding-template-study	e026b290e1	A	missing_on_main_same_path	progress/diagnostics/2026-06-27_fn_guidance_continuation_behavior.md	snapshots/autoregressive-binding-template-study/progress/diagnostics/2026-06-27_fn_guidance_continuation_behavior.md	ab3590d431d36ec0ff1e5d535eb7d582e5c3336c23758a8728084a129b75c847	5524
autoregressive-binding-template-study	codex/autoregressive-binding-template-study	e026b290e1	A	missing_on_main_same_path	progress/diagnostics/2026-06-27_image19432_staged_prefix_patch_and_hidden_flow.md	snapshots/autoregressive-binding-template-study/progress/diagnostics/2026-06-27_image19432_staged_prefix_patch_and_hidden_flow.md	c2ee0e159b93fb1306ca4b710efe6437c795abb78c58a9c024a445edf576700d	11851
autoregressive-binding-template-study	codex/autoregressive-binding-template-study	e026b290e1	A	missing_on_main_same_path	progress/diagnostics/2026-06-27_image19432_x2_route_group_span_binding.md	snapshots/autoregressive-binding-template-study/progress/diagnostics/2026-06-27_image19432_x2_route_group_span_binding.md	999b9189a43178e020b202b3eec99ec13621cba158fd410bb64d8b06286a9e05	7470
autoregressive-binding-template-study	codex/autoregressive-binding-template-study	e026b290e1	A	missing_on_main_same_path	progress/diagnostics/2026-06-27_image19432_y1_route_group_basin_entry.md	snapshots/autoregressive-binding-template-study/progress/diagnostics/2026-06-27_image19432_y1_route_group_basin_entry.md	e8f924ecda8475d456418181028263ee1f817310b2e5b28b19a22b9074cd6226	10356
autoregressive-binding-template-study	codex/autoregressive-binding-template-study	e026b290e1	A	missing_on_main_same_path	progress/diagnostics/2026-06-27_image2157_prefixfixed_knife_x2_route_basin.md	snapshots/autoregressive-binding-template-study/progress/diagnostics/2026-06-27_image2157_prefixfixed_knife_x2_route_basin.md	b46e28c8bf64f63f7174dc489e6d9b1616f6906140ba56f0a03877164a9ae5fc	7903
autoregressive-binding-template-study	codex/autoregressive-binding-template-study	e026b290e1	A	missing_on_main_same_path	progress/diagnostics/2026-06-27_train418535_val14439_x1_to_y1_binding_probe.md	snapshots/autoregressive-binding-template-study/progress/diagnostics/2026-06-27_train418535_val14439_x1_to_y1_binding_probe.md	0ace7ae7a697c71f9526f015d705ca1546e84c4291bae4fde46539d697b6e3f3	11191
autoregressive-binding-template-study	codex/autoregressive-binding-template-study	e026b290e1	A	missing_on_main_same_path	progress/diagnostics/2026-06-27_train418535_val14439_x1_visual_route_basin.md	snapshots/autoregressive-binding-template-study/progress/diagnostics/2026-06-27_train418535_val14439_x1_visual_route_basin.md	264d7a9b0c9b69a6ae909554a2450fd4efd925fe840336786234eb8e3fc547e8	11647
autoregressive-binding-template-study	codex/autoregressive-binding-template-study	e026b290e1	A	missing_on_main_same_path	progress/diagnostics/2026-06-27_val14439_layer_transition_residual_patch.md	snapshots/autoregressive-binding-template-study/progress/diagnostics/2026-06-27_val14439_layer_transition_residual_patch.md	6088f47b569b12e40a4b0f0a2335b440112cea7aac21394663964b2f557cbac8	7238
autoregressive-binding-template-study	codex/autoregressive-binding-template-study	e026b290e1	A	missing_on_main_same_path	progress/diagnostics/2026-06-27_val14439_prefix_history_ablation.md	snapshots/autoregressive-binding-template-study/progress/diagnostics/2026-06-27_val14439_prefix_history_ablation.md	5d7eb320ab29e69f7f3ef4932d6a0fcb0a7e5469d10784d2379571e6c4ee5fc0	15045
autoregressive-binding-template-study	codex/autoregressive-binding-template-study	e026b290e1	A	missing_on_main_same_path	progress/diagnostics/2026-06-27_x1_coordinate_basin_key_and_late_overwrite.md	snapshots/autoregressive-binding-template-study/progress/diagnostics/2026-06-27_x1_coordinate_basin_key_and_late_overwrite.md	585fa09f9a6132a74d418e0fc8278505ba73e4d048f3ce383bdbb4406ded72f2	11777
autoregressive-binding-template-study	codex/autoregressive-binding-template-study	e026b290e1	M	different_on_main_same_path	progress/diagnostics/README.md	snapshots/autoregressive-binding-template-study/progress/diagnostics/README.md	06e5d7666d7a416680ec875957c44c4fc7932f396da8e0547ee144741835dd7e	19720
autoregressive-binding-template-study	codex/autoregressive-binding-template-study	e026b290e1	M	different_on_main_same_path	progress/index.yaml	snapshots/autoregressive-binding-template-study/progress/index.yaml	85f8eb343f14912dec46fa4d115083fa99bbfbc65856ae144f0f6c62e8f6b0a9	33948
coord-repel-conservative-design	codex/coord-repel-conservative-design	fc73fbfdf1	M	different_on_main_same_path	configs/infer/recursive_detection_ce/a5_instance_trie_gaussian_ckpt3664_val200_bsz4_rep1p10_max3084_chatfix_1gpu.yaml	snapshots/coord-repel-conservative-design/configs/infer/recursive_detection_ce/a5_instance_trie_gaussian_ckpt3664_val200_bsz4_rep1p10_max3084_chatfix_1gpu.yaml	384a14a9878b3ea760a8d4a81e6d934b46d0807c8fe968d377dac0f7b82326c5	2110
coord-repel-conservative-design	codex/coord-repel-conservative-design	fc73fbfdf1	M	different_on_main_same_path	configs/infer/recursive_detection_ce/a6_ce_gaussian_mix0p2_ckpt3664_val200_bsz4_rep1p10_max3084_chatfix_1gpu.yaml	snapshots/coord-repel-conservative-design/configs/infer/recursive_detection_ce/a6_ce_gaussian_mix0p2_ckpt3664_val200_bsz4_rep1p10_max3084_chatfix_1gpu.yaml	5567b08ab0034c7cfe50a4394c8ccf042a7ef2fdd4726d449b5fa7bf34ba25d9	2082
coord-repel-conservative-design	codex/coord-repel-conservative-design	fc73fbfdf1	M	different_on_main_same_path	configs/infer/recursive_detection_ce/compact_full_random_sft_bsz1_accum16_ckpt3664_val200_bsz4_rep1p10_max3084_chatfix_8gpu.yaml	snapshots/coord-repel-conservative-design/configs/infer/recursive_detection_ce/compact_full_random_sft_bsz1_accum16_ckpt3664_val200_bsz4_rep1p10_max3084_chatfix_8gpu.yaml	e627bb403257e74d14277de0a6f03ec9e9a8c5e39d12e220eb12d4758214004c	2150
coord-repel-conservative-design	codex/coord-repel-conservative-design	fc73fbfdf1	M	different_on_main_same_path	configs/infer/recursive_detection_ce/compact_full_random_sft_ckpt2200_val200_bsz4_rep1p10_max3084_chatfix.yaml	snapshots/coord-repel-conservative-design/configs/infer/recursive_detection_ce/compact_full_random_sft_ckpt2200_val200_bsz4_rep1p10_max3084_chatfix.yaml	9e49ae80f625cd94f549e3cd9dc024f6d37819325f280133761babf0bc43b333	2083
coord-repel-conservative-design	codex/coord-repel-conservative-design	fc73fbfdf1	M	different_on_main_same_path	configs/infer/recursive_detection_ce/compact_full_random_sft_ckpt2200_val200_bsz8_rep1p10.yaml	snapshots/coord-repel-conservative-design/configs/infer/recursive_detection_ce/compact_full_random_sft_ckpt2200_val200_bsz8_rep1p10.yaml	dedd28476bac919c92a017b576af3cae91b4b0b5fe657dcff7e5e0c7a21fac00	1903
coord-repel-conservative-design	codex/coord-repel-conservative-design	fc73fbfdf1	M	different_on_main_same_path	configs/infer/recursive_detection_ce/compact_full_random_sft_ckpt2200_val200_bsz8_rep1p10_max3084_chatfix.yaml	snapshots/coord-repel-conservative-design/configs/infer/recursive_detection_ce/compact_full_random_sft_ckpt2200_val200_bsz8_rep1p10_max3084_chatfix.yaml	4f44bfae49e4697c65e0d1efaff4276f6f0ef958702e2183dee4aba6c4a64198	2013
coord-repel-conservative-design	codex/coord-repel-conservative-design	fc73fbfdf1	M	different_on_main_same_path	configs/infer/recursive_detection_ce/compact_full_support2_ckpt3600_preflight8_bsz8.yaml	snapshots/coord-repel-conservative-design/configs/infer/recursive_detection_ce/compact_full_support2_ckpt3600_preflight8_bsz8.yaml	ade6211b94106dbd5cbe6171576a4faedc4071ee0bfada63acaedf07849db7db	1526
coord-repel-conservative-design	codex/coord-repel-conservative-design	fc73fbfdf1	M	different_on_main_same_path	configs/infer/recursive_detection_ce/compact_full_support2_ckpt3600_val200_bsz8.yaml	snapshots/coord-repel-conservative-design/configs/infer/recursive_detection_ce/compact_full_support2_ckpt3600_val200_bsz8.yaml	ffd13cfd4448d78a05c6869475ebf45839bd6a0a01bdecf2333f299a3bacf147	1804
coord-repel-conservative-design	codex/coord-repel-conservative-design	fc73fbfdf1	M	different_on_main_same_path	configs/infer/recursive_detection_ce/compact_full_support2_tokenrows_v2_ckpt3664_smoke2_hf.yaml	snapshots/coord-repel-conservative-design/configs/infer/recursive_detection_ce/compact_full_support2_tokenrows_v2_ckpt3664_smoke2_hf.yaml	ee62ff703a0c2fbb281f7430cde0d28889ad3707810e84000cab76d29b766f92	1798
coord-repel-conservative-design	codex/coord-repel-conservative-design	fc73fbfdf1	M	different_on_main_same_path	configs/infer/recursive_detection_ce/compact_full_support2_tokenrows_v2_ckpt3664_val200_bsz8.yaml	snapshots/coord-repel-conservative-design/configs/infer/recursive_detection_ce/compact_full_support2_tokenrows_v2_ckpt3664_val200_bsz8.yaml	df8653ba8ff1c66d2b92a00047c46fa747d9fcb46524533e824faf89b0e1f9bd	1850
coord-repel-conservative-design	codex/coord-repel-conservative-design	fc73fbfdf1	M	different_on_main_same_path	configs/infer/recursive_detection_ce/compact_full_support2_tokenrows_v2_ckpt3664_val200_bsz8_rep1p00.yaml	snapshots/coord-repel-conservative-design/configs/infer/recursive_detection_ce/compact_full_support2_tokenrows_v2_ckpt3664_val200_bsz8_rep1p00.yaml	7228739de79ad3ecd9afd671eb6ee2c00c5de7fa703c8b4e4ed9a03c83257126	1914
coord-repel-conservative-design	codex/coord-repel-conservative-design	fc73fbfdf1	M	different_on_main_same_path	configs/infer/recursive_detection_ce/compact_full_support2_tokenrows_v2_ckpt3664_val200_bsz8_rep1p10.yaml	snapshots/coord-repel-conservative-design/configs/infer/recursive_detection_ce/compact_full_support2_tokenrows_v2_ckpt3664_val200_bsz8_rep1p10.yaml	514489d00664b69abd84173f903a404e0e8be0ee62f743f4fa417d800ab48833	1921
coord-repel-conservative-design	codex/coord-repel-conservative-design	fc73fbfdf1	M	different_on_main_same_path	configs/infer/recursive_detection_ce/compact_full_support2_tokenrows_v2_ckpt3664_val200_bsz8_rep1p10_max3084_chatfix.yaml	snapshots/coord-repel-conservative-design/configs/infer/recursive_detection_ce/compact_full_support2_tokenrows_v2_ckpt3664_val200_bsz8_rep1p10_max3084_chatfix.yaml	59898b672122bc8a030a69fdfe0ef35dd4850e947bc5a1dc7ac26cfe873f68cb	2059
coord-repel-conservative-design	codex/coord-repel-conservative-design	fc73fbfdf1	M	different_on_main_same_path	configs/infer/recursive_detection_ce/compact_full_support2_tokenrows_v2_ckpt3664_val200_bsz8_rep1p10_prompt_offset_fix.yaml	snapshots/coord-repel-conservative-design/configs/infer/recursive_detection_ce/compact_full_support2_tokenrows_v2_ckpt3664_val200_bsz8_rep1p10_prompt_offset_fix.yaml	92a820772516acbf85edf2260a3b578fbd89f9b05f1a86396db66cbd8212d319	2063
coord-repel-conservative-design	codex/coord-repel-conservative-design	fc73fbfdf1	M	different_on_main_same_path	configs/stage1/detection_teacher_forcing/README.md	snapshots/coord-repel-conservative-design/configs/stage1/detection_teacher_forcing/README.md	df84f377a498e6d62f9f95a3e1b656ea442be1bac54eb025d7da9e2e505e3ee1	1525
coord-repel-conservative-design	codex/coord-repel-conservative-design	fc73fbfdf1	A	missing_on_main_same_path	configs/stage1/detection_teacher_forcing/coord_repel/ablation/compact_box_end_packed_len12000_2b_coordexp.yaml	snapshots/coord-repel-conservative-design/configs/stage1/detection_teacher_forcing/coord_repel/ablation/compact_box_end_packed_len12000_2b_coordexp.yaml	8386c04289f517d788d9d7ff33a43dcfd803618eb51345415169faf0e71daf09	943
coord-repel-conservative-design	codex/coord-repel-conservative-design	fc73fbfdf1	A	missing_on_main_same_path	configs/stage1/detection_teacher_forcing/coord_repel/prod/packed_len12000_2b_base.yaml	snapshots/coord-repel-conservative-design/configs/stage1/detection_teacher_forcing/coord_repel/prod/packed_len12000_2b_base.yaml	42393d025cab07999254c6d9815f9d12c0844d426c4f65bffc0f4ad3d246f957	529
coord-repel-conservative-design	codex/coord-repel-conservative-design	fc73fbfdf1	A	missing_on_main_same_path	configs/stage1/detection_teacher_forcing/coord_repel/prod/packed_len12000_2b_coordexp.yaml	snapshots/coord-repel-conservative-design/configs/stage1/detection_teacher_forcing/coord_repel/prod/packed_len12000_2b_coordexp.yaml	e0716d876057dcc4c9c913b91945dbf173d4ba09d49fef4a6b85fecd9a7bbb02	2265
coord-repel-conservative-design	codex/coord-repel-conservative-design	fc73fbfdf1	A	missing_on_main_same_path	configs/stage1/detection_teacher_forcing/coord_repel/smoke/packed_len12000_2b_base_smoke.yaml	snapshots/coord-repel-conservative-design/configs/stage1/detection_teacher_forcing/coord_repel/smoke/packed_len12000_2b_base_smoke.yaml	eeeb21534a6f37d45038648560ea5612a55741a8760758c3d63b3a07718320ed	487
coord-repel-conservative-design	codex/coord-repel-conservative-design	fc73fbfdf1	A	missing_on_main_same_path	configs/stage1/detection_teacher_forcing/coord_repel/smoke/packed_len12000_2b_coordexp_smoke.yaml	snapshots/coord-repel-conservative-design/configs/stage1/detection_teacher_forcing/coord_repel/smoke/packed_len12000_2b_coordexp_smoke.yaml	8b0e246a5ea3903bfc686c0de769946f9511101a2ac5ee2ae98c5e4f07fb0d0e	499
coord-repel-conservative-design	codex/coord-repel-conservative-design	fc73fbfdf1	A	missing_on_main_same_path	configs/stage1/detection_teacher_forcing/coord_repel/smoke/packed_len12000_2b_coordexp_stability.yaml	snapshots/coord-repel-conservative-design/configs/stage1/detection_teacher_forcing/coord_repel/smoke/packed_len12000_2b_coordexp_stability.yaml	0cfcbc449bb8e306fcf9b9530ce0a4b15d45bf06703a43766bcc2f8ba8ff5627	510
coord-repel-conservative-design	codex/coord-repel-conservative-design	fc73fbfdf1	M	different_on_main_same_path	configs/stage2/rollout_correction/base.yaml	snapshots/coord-repel-conservative-design/configs/stage2/rollout_correction/base.yaml	2fa5ae4a89b2ea5f1d67cf59cc850397edf9d22d27465d18d1dc2bc0dfc1c278	4227
coord-repel-conservative-design	codex/coord-repel-conservative-design	fc73fbfdf1	M	different_on_main_same_path	configs/stage2/rollout_correction/smoke/compact_full_hf_1step.yaml	snapshots/coord-repel-conservative-design/configs/stage2/rollout_correction/smoke/compact_full_hf_1step.yaml	4021dee3cd05a144c024af4238390930a56c0f7fa9a53cd50fb17c7b3bbf7d58	2985
coord-repel-conservative-design	codex/coord-repel-conservative-design	fc73fbfdf1	M	different_on_main_same_path	configs/stage2/rollout_correction/smoke/compact_full_vllm_train64_val32_12steps_baseline.yaml	snapshots/coord-repel-conservative-design/configs/stage2/rollout_correction/smoke/compact_full_vllm_train64_val32_12steps_baseline.yaml	448fb50fa9c2aaa6881320e73992f63d40a04a51863339b32b0262a9dc59f6a9	4215
coord-repel-conservative-design	codex/coord-repel-conservative-design	fc73fbfdf1	M	different_on_main_same_path	docs/ARTIFACTS.md	snapshots/coord-repel-conservative-design/docs/ARTIFACTS.md	ca191b96ee8369d1c7c465f4c394b64a2741f457716b1e4b79368e3d4c2eed8a	29648
coord-repel-conservative-design	codex/coord-repel-conservative-design	fc73fbfdf1	M	different_on_main_same_path	docs/catalog.yaml	snapshots/coord-repel-conservative-design/docs/catalog.yaml	879581cd928758b9ddb9b6d2193d1f119d717c36f495151ab7e20eb2f7ca3f5d	19738
coord-repel-conservative-design	codex/coord-repel-conservative-design	fc73fbfdf1	M	different_on_main_same_path	docs/data/PACKING.md	snapshots/coord-repel-conservative-design/docs/data/PACKING.md	1f3fb8fed25fd6a1568d6d033ff43d7d59d6ed860f66259c9af9d73150fff6c4	15090
coord-repel-conservative-design	codex/coord-repel-conservative-design	fc73fbfdf1	A	missing_on_main_same_path	docs/superpowers/plans/2026-06-12-coord-repel-v1-implementation.md	snapshots/coord-repel-conservative-design/docs/superpowers/plans/2026-06-12-coord-repel-v1-implementation.md	3081e96f7e5ab44285ee75a3b001999b77c365200d1a264588f5be1e9ad83f9a	47620
coord-repel-conservative-design	codex/coord-repel-conservative-design	fc73fbfdf1	A	missing_on_main_same_path	docs/superpowers/specs/2026-06-12-coord-repel-v1-design.md	snapshots/coord-repel-conservative-design/docs/superpowers/specs/2026-06-12-coord-repel-v1-design.md	1529f6a2a815fe08b3fe066c7207677c0748cf952cb5f63312690c9a3afd870a	16772
coord-repel-conservative-design	codex/coord-repel-conservative-design	fc73fbfdf1	M	different_on_main_same_path	docs/training/STAGE1_OBJECTIVE.md	snapshots/coord-repel-conservative-design/docs/training/STAGE1_OBJECTIVE.md	3ab2babdf18dad5c79c866936dcd9b4b319e543c8b47543bc22a206b4c155fea	26994
coord-repel-conservative-design	codex/coord-repel-conservative-design	fc73fbfdf1	M	different_on_main_same_path	docs/training/STAGE2_RUNBOOK.md	snapshots/coord-repel-conservative-design/docs/training/STAGE2_RUNBOOK.md	e863e016e84833189eccd078b0c3192899a042b45046a162a74ac99be7ce5d62	23592
coord-repel-conservative-design	codex/coord-repel-conservative-design	fc73fbfdf1	A	same_on_main_same_path	progress/explorations/2026-06-12_coord_repel_stage1_sft_design_decisions.md		9bf8d00f0593b1baa7d3594906d6789a392d201d34cef4cdf5aa50296f588c7f	54922
coord-repel-conservative-design	codex/coord-repel-conservative-design	fc73fbfdf1	M	different_on_main_same_path	progress/explorations/README.md	snapshots/coord-repel-conservative-design/progress/explorations/README.md	e2f7221af04e3ca2bce0f34b456365736ab16753f3a0c0b32c1e684d46e50de7	1767
fully-compact-2x2-ablation	codex/fully-compact-2x2-ablation	45945fd15c	M	different_on_main_same_path	configs/infer/recursive_detection_ce/a5_instance_trie_gaussian_ckpt3664_val200_bsz4_rep1p10_max3084_chatfix_1gpu.yaml	snapshots/fully-compact-2x2-ablation/configs/infer/recursive_detection_ce/a5_instance_trie_gaussian_ckpt3664_val200_bsz4_rep1p10_max3084_chatfix_1gpu.yaml	35ef6e9820959db2e34be839cabcd293cb92fdc2e469844d638dab0c1b17443d	2109
fully-compact-2x2-ablation	codex/fully-compact-2x2-ablation	45945fd15c	M	different_on_main_same_path	configs/infer/recursive_detection_ce/a6_ce_gaussian_mix0p2_ckpt3664_val200_bsz4_rep1p10_max3084_chatfix_1gpu.yaml	snapshots/fully-compact-2x2-ablation/configs/infer/recursive_detection_ce/a6_ce_gaussian_mix0p2_ckpt3664_val200_bsz4_rep1p10_max3084_chatfix_1gpu.yaml	1731fd5f70db3cbf9674ae13fb0e40978a00567be50afe51c22da4faba6c926c	2081
fully-compact-2x2-ablation	codex/fully-compact-2x2-ablation	45945fd15c	M	different_on_main_same_path	configs/infer/recursive_detection_ce/compact_full_random_sft_bsz1_accum16_ckpt3664_val200_bsz4_rep1p10_max3084_chatfix_8gpu.yaml	snapshots/fully-compact-2x2-ablation/configs/infer/recursive_detection_ce/compact_full_random_sft_bsz1_accum16_ckpt3664_val200_bsz4_rep1p10_max3084_chatfix_8gpu.yaml	cfb1e6db15ccf8e6b14c3256d51f8256bc7bc1ebb0feaa93a9647e5669a04d25	2149
fully-compact-2x2-ablation	codex/fully-compact-2x2-ablation	45945fd15c	M	different_on_main_same_path	configs/infer/recursive_detection_ce/compact_full_random_sft_ckpt2200_val200_bsz4_rep1p10_max3084_chatfix.yaml	snapshots/fully-compact-2x2-ablation/configs/infer/recursive_detection_ce/compact_full_random_sft_ckpt2200_val200_bsz4_rep1p10_max3084_chatfix.yaml	9b77181214c9c8acea96ad5c6cf16c83717f13ccd503f8d11e14635269934eb8	2082
fully-compact-2x2-ablation	codex/fully-compact-2x2-ablation	45945fd15c	M	different_on_main_same_path	configs/infer/recursive_detection_ce/compact_full_random_sft_ckpt2200_val200_bsz8_rep1p10.yaml	snapshots/fully-compact-2x2-ablation/configs/infer/recursive_detection_ce/compact_full_random_sft_ckpt2200_val200_bsz8_rep1p10.yaml	0f4179f86ccc1cba5a5a3d9cce60bc4ba3eca2f48bb43b34d1d51b288141e034	1902
fully-compact-2x2-ablation	codex/fully-compact-2x2-ablation	45945fd15c	M	different_on_main_same_path	configs/infer/recursive_detection_ce/compact_full_random_sft_ckpt2200_val200_bsz8_rep1p10_max3084_chatfix.yaml	snapshots/fully-compact-2x2-ablation/configs/infer/recursive_detection_ce/compact_full_random_sft_ckpt2200_val200_bsz8_rep1p10_max3084_chatfix.yaml	ef7e20d3fc2ad44a2fd051c8b77d3959cc2cb1f0e3aeaaaa3c58d5dccf4fe6d3	2012
fully-compact-2x2-ablation	codex/fully-compact-2x2-ablation	45945fd15c	M	different_on_main_same_path	configs/infer/recursive_detection_ce/compact_full_support2_ckpt3600_preflight8_bsz8.yaml	snapshots/fully-compact-2x2-ablation/configs/infer/recursive_detection_ce/compact_full_support2_ckpt3600_preflight8_bsz8.yaml	720827b82110587f46c7105ee1d19f4fdfda85063d44d826b8f76fe0c522dd45	1525
fully-compact-2x2-ablation	codex/fully-compact-2x2-ablation	45945fd15c	M	different_on_main_same_path	configs/infer/recursive_detection_ce/compact_full_support2_ckpt3600_val200_bsz8.yaml	snapshots/fully-compact-2x2-ablation/configs/infer/recursive_detection_ce/compact_full_support2_ckpt3600_val200_bsz8.yaml	a1e8f0ef7ea30444852a098b8543564ffcee01bc9a46af73fd5e50eb35b596d9	1803
fully-compact-2x2-ablation	codex/fully-compact-2x2-ablation	45945fd15c	M	different_on_main_same_path	configs/infer/recursive_detection_ce/compact_full_support2_tokenrows_v2_ckpt3664_smoke2_hf.yaml	snapshots/fully-compact-2x2-ablation/configs/infer/recursive_detection_ce/compact_full_support2_tokenrows_v2_ckpt3664_smoke2_hf.yaml	49823e0127f891473a658252b4f027644dc257291ad3b0760ba783496f6e7a30	1797
fully-compact-2x2-ablation	codex/fully-compact-2x2-ablation	45945fd15c	M	different_on_main_same_path	configs/infer/recursive_detection_ce/compact_full_support2_tokenrows_v2_ckpt3664_val200_bsz8.yaml	snapshots/fully-compact-2x2-ablation/configs/infer/recursive_detection_ce/compact_full_support2_tokenrows_v2_ckpt3664_val200_bsz8.yaml	be4f45f47c918090e8fc4cc85d6b55eeafdeb9d772b87742cbf0faf89f0faa5f	1849
fully-compact-2x2-ablation	codex/fully-compact-2x2-ablation	45945fd15c	M	different_on_main_same_path	configs/infer/recursive_detection_ce/compact_full_support2_tokenrows_v2_ckpt3664_val200_bsz8_rep1p00.yaml	snapshots/fully-compact-2x2-ablation/configs/infer/recursive_detection_ce/compact_full_support2_tokenrows_v2_ckpt3664_val200_bsz8_rep1p00.yaml	29ff86ea64b4145a95f060c35dcd57dcc2b18712581d5ba83c538abae8d88072	1913
fully-compact-2x2-ablation	codex/fully-compact-2x2-ablation	45945fd15c	M	different_on_main_same_path	configs/infer/recursive_detection_ce/compact_full_support2_tokenrows_v2_ckpt3664_val200_bsz8_rep1p10.yaml	snapshots/fully-compact-2x2-ablation/configs/infer/recursive_detection_ce/compact_full_support2_tokenrows_v2_ckpt3664_val200_bsz8_rep1p10.yaml	0715272a65ddfa204e317026cfb5e2f097427e512c90e5763681984b1ffb7f8e	1920
fully-compact-2x2-ablation	codex/fully-compact-2x2-ablation	45945fd15c	M	different_on_main_same_path	configs/infer/recursive_detection_ce/compact_full_support2_tokenrows_v2_ckpt3664_val200_bsz8_rep1p10_max3084_chatfix.yaml	snapshots/fully-compact-2x2-ablation/configs/infer/recursive_detection_ce/compact_full_support2_tokenrows_v2_ckpt3664_val200_bsz8_rep1p10_max3084_chatfix.yaml	2baedccb850305cfc5ecd83e25e6fdfd9d1ae0df8d330c28ab0977f3dc0db310	2058
fully-compact-2x2-ablation	codex/fully-compact-2x2-ablation	45945fd15c	M	different_on_main_same_path	configs/infer/recursive_detection_ce/compact_full_support2_tokenrows_v2_ckpt3664_val200_bsz8_rep1p10_prompt_offset_fix.yaml	snapshots/fully-compact-2x2-ablation/configs/infer/recursive_detection_ce/compact_full_support2_tokenrows_v2_ckpt3664_val200_bsz8_rep1p10_prompt_offset_fix.yaml	b0aaa35a4bc8864d6cee26e169cf15865605cefe0fde766b289fcad9e7182af6	2062
fully-compact-2x2-ablation	codex/fully-compact-2x2-ablation	45945fd15c	A	missing_on_main_same_path	configs/stage1/recursive_detection_ce_latest/prod/compact_full_ablation_base.yaml	snapshots/fully-compact-2x2-ablation/configs/stage1/recursive_detection_ce_latest/prod/compact_full_ablation_base.yaml	4a125bc59fc54fe94d962d07326bd721f3c0e067c1374ec8d9883c876d2c68c3	3530
fully-compact-2x2-ablation	codex/fully-compact-2x2-ablation	45945fd15c	A	missing_on_main_same_path	configs/stage1/recursive_detection_ce_latest/prod/compact_full_llm_lora_packed_base.yaml	snapshots/fully-compact-2x2-ablation/configs/stage1/recursive_detection_ce_latest/prod/compact_full_llm_lora_packed_base.yaml	51a45d012802ab50a7891db18b0b98cf1fda1a1658e1cf939342c0e214b2de7a	757
fully-compact-2x2-ablation	codex/fully-compact-2x2-ablation	45945fd15c	A	missing_on_main_same_path	configs/stage1/recursive_detection_ce_latest/prod/compact_full_random_et_rmp_ce.yaml	snapshots/fully-compact-2x2-ablation/configs/stage1/recursive_detection_ce_latest/prod/compact_full_random_et_rmp_ce.yaml	9c962add1579af5e92c6980957663a2d17629560a9139495ae0b2e9d010f7d21	823
fully-compact-2x2-ablation	codex/fully-compact-2x2-ablation	45945fd15c	A	missing_on_main_same_path	configs/stage1/recursive_detection_ce_latest/prod/compact_full_random_sft.yaml	snapshots/fully-compact-2x2-ablation/configs/stage1/recursive_detection_ce_latest/prod/compact_full_random_sft.yaml	0bde6d0a0aa152b1577ad6579c852172c5713eea3c087b870ecb6312b8b19f06	510
fully-compact-2x2-ablation	codex/fully-compact-2x2-ablation	45945fd15c	A	missing_on_main_same_path	configs/stage1/recursive_detection_ce_latest/prod/compact_full_random_sft_coord_gauss_softce_mix0p5_frac0p04_cap8_llm_lora_packed.yaml	snapshots/fully-compact-2x2-ablation/configs/stage1/recursive_detection_ce_latest/prod/compact_full_random_sft_coord_gauss_softce_mix0p5_frac0p04_cap8_llm_lora_packed.yaml	ed6a83ca36ea9b02d3d272d3caf35a2ce0333e6f68cbfe24143894a22460295d	741
fully-compact-2x2-ablation	codex/fully-compact-2x2-ablation	45945fd15c	A	missing_on_main_same_path	configs/stage1/recursive_detection_ce_latest/prod/compact_full_random_sft_llm_lora_packed.yaml	snapshots/fully-compact-2x2-ablation/configs/stage1/recursive_detection_ce_latest/prod/compact_full_random_sft_llm_lora_packed.yaml	e46e9d479d30c595dfde7d6abb65417af80a15fc8b3e38bb4f74c84266a2fc60	480
fully-compact-2x2-ablation	codex/fully-compact-2x2-ablation	45945fd15c	A	missing_on_main_same_path	configs/stage1/recursive_detection_ce_latest/prod/compact_full_sorted_et_rmp_ce.yaml	snapshots/fully-compact-2x2-ablation/configs/stage1/recursive_detection_ce_latest/prod/compact_full_sorted_et_rmp_ce.yaml	348c2fad17af6bf6ad0112811be6860d736836a3cb75c2caba0c68ad3437753c	799
fully-compact-2x2-ablation	codex/fully-compact-2x2-ablation	45945fd15c	A	missing_on_main_same_path	configs/stage1/recursive_detection_ce_latest/prod/compact_full_sorted_sft.yaml	snapshots/fully-compact-2x2-ablation/configs/stage1/recursive_detection_ce_latest/prod/compact_full_sorted_sft.yaml	bd4422c5cc3f04bf8e21aba8d22ac01288e5306ecc32dbee23e0bbcdaa41a6f2	492
fully-compact-2x2-ablation	codex/fully-compact-2x2-ablation	45945fd15c	A	missing_on_main_same_path	configs/stage1/recursive_detection_ce_latest/smoke/compact_full_random_sft_coord_gauss_softce_llm_lora_packed_4gpu_smoke.yaml	snapshots/fully-compact-2x2-ablation/configs/stage1/recursive_detection_ce_latest/smoke/compact_full_random_sft_coord_gauss_softce_llm_lora_packed_4gpu_smoke.yaml	f65666992907211602b6231549e3fc4024d11bb89a058212f471a174afc9307e	532
fully-compact-2x2-ablation	codex/fully-compact-2x2-ablation	45945fd15c	M	different_on_main_same_path	configs/stage2/rollout_correction/base.yaml	snapshots/fully-compact-2x2-ablation/configs/stage2/rollout_correction/base.yaml	2fa5ae4a89b2ea5f1d67cf59cc850397edf9d22d27465d18d1dc2bc0dfc1c278	4227
fully-compact-2x2-ablation	codex/fully-compact-2x2-ablation	45945fd15c	M	different_on_main_same_path	configs/stage2/rollout_correction/smoke/compact_full_hf_1step.yaml	snapshots/fully-compact-2x2-ablation/configs/stage2/rollout_correction/smoke/compact_full_hf_1step.yaml	4021dee3cd05a144c024af4238390930a56c0f7fa9a53cd50fb17c7b3bbf7d58	2985
fully-compact-2x2-ablation	codex/fully-compact-2x2-ablation	45945fd15c	M	different_on_main_same_path	configs/stage2/rollout_correction/smoke/compact_full_vllm_train64_val32_12steps_baseline.yaml	snapshots/fully-compact-2x2-ablation/configs/stage2/rollout_correction/smoke/compact_full_vllm_train64_val32_12steps_baseline.yaml	448fb50fa9c2aaa6881320e73992f63d40a04a51863339b32b0262a9dc59f6a9	4215
fully-compact-2x2-ablation	codex/fully-compact-2x2-ablation	45945fd15c	M	different_on_main_same_path	docs/ARTIFACTS.md	snapshots/fully-compact-2x2-ablation/docs/ARTIFACTS.md	9ef2a0e6d2e2825bdfd3a35cb777600f21fe3288201b0d3cad7b57c8faee5d0a	29474
fully-compact-2x2-ablation	codex/fully-compact-2x2-ablation	45945fd15c	M	different_on_main_same_path	docs/training/STAGE2_RUNBOOK.md	snapshots/fully-compact-2x2-ablation/docs/training/STAGE2_RUNBOOK.md	5da6adcf48a0dea2667ffd8bc992803e17ff2ad4c3a1d21e7ed8970624a1d788	23630
fully-compact-2x2-ablation	codex/fully-compact-2x2-ablation	45945fd15c	A	same_on_main_same_path	progress/handoffs/2026-06-11-packed-gaussian-sft-retrain.md		936e7139071812775675f5ac0d143b0fccdfbcb1067c7dfab1b485ff809c3162	5346
loss-only-instance-enumeration	codex/loss-only-instance-enumeration	eb6871b949	M	different_on_main_same_path	configs/analysis/post_x1_instance_basin_tomography/five_ckpt_policy_objective_ckpt3668_phase_a3_3.yaml	snapshots/loss-only-instance-enumeration/configs/analysis/post_x1_instance_basin_tomography/five_ckpt_policy_objective_ckpt3668_phase_a3_3.yaml	e80ca610c7316bb74e27c9a77e824ba68828dbab13be546c4af63f93e04f9c89	5608
loss-only-instance-enumeration	codex/loss-only-instance-enumeration	eb6871b949	M	different_on_main_same_path	configs/analysis/post_x1_instance_basin_tomography/five_ckpt_policy_objective_ckpt3668_phase_a3_3_smoke.yaml	snapshots/loss-only-instance-enumeration/configs/analysis/post_x1_instance_basin_tomography/five_ckpt_policy_objective_ckpt3668_phase_a3_3_smoke.yaml	27e9d6df01198b7c22d6c6764713eb9a768fcb1fc1633308c25251d8cf8ce74e	5612
loss-only-instance-enumeration	codex/loss-only-instance-enumeration	eb6871b949	A	missing_on_main_same_path	configs/analysis/row_conditioned_visual_coverage/embedding_paint_rollout_ckpt2000_val64.yaml	snapshots/loss-only-instance-enumeration/configs/analysis/row_conditioned_visual_coverage/embedding_paint_rollout_ckpt2000_val64.yaml	857695fb9302d6ffd6a64ea3dbb9246aa73d2f1979087e7a7dac96e05b57e454	1171
loss-only-instance-enumeration	codex/loss-only-instance-enumeration	eb6871b949	A	missing_on_main_same_path	configs/analysis/row_conditioned_visual_coverage/rollout_smoke.yaml	snapshots/loss-only-instance-enumeration/configs/analysis/row_conditioned_visual_coverage/rollout_smoke.yaml	6b7974b44a4ca2209bcc6efc57a80baa003e8248b387478192cdd4f8c328fabd	2271
loss-only-instance-enumeration	codex/loss-only-instance-enumeration	eb6871b949	M	different_on_main_same_path	configs/infer/recursive_detection_ce/a5_instance_trie_gaussian_ckpt3664_val200_bsz4_rep1p10_max3084_chatfix_1gpu.yaml	snapshots/loss-only-instance-enumeration/configs/infer/recursive_detection_ce/a5_instance_trie_gaussian_ckpt3664_val200_bsz4_rep1p10_max3084_chatfix_1gpu.yaml	384a14a9878b3ea760a8d4a81e6d934b46d0807c8fe968d377dac0f7b82326c5	2110
loss-only-instance-enumeration	codex/loss-only-instance-enumeration	eb6871b949	M	different_on_main_same_path	configs/infer/recursive_detection_ce/a6_ce_gaussian_mix0p2_ckpt3664_val200_bsz4_rep1p10_max3084_chatfix_1gpu.yaml	snapshots/loss-only-instance-enumeration/configs/infer/recursive_detection_ce/a6_ce_gaussian_mix0p2_ckpt3664_val200_bsz4_rep1p10_max3084_chatfix_1gpu.yaml	5567b08ab0034c7cfe50a4394c8ccf042a7ef2fdd4726d449b5fa7bf34ba25d9	2082
loss-only-instance-enumeration	codex/loss-only-instance-enumeration	eb6871b949	M	different_on_main_same_path	configs/infer/recursive_detection_ce/compact_full_random_sft_bsz1_accum16_ckpt3664_val200_bsz4_rep1p10_max3084_chatfix_8gpu.yaml	snapshots/loss-only-instance-enumeration/configs/infer/recursive_detection_ce/compact_full_random_sft_bsz1_accum16_ckpt3664_val200_bsz4_rep1p10_max3084_chatfix_8gpu.yaml	e627bb403257e74d14277de0a6f03ec9e9a8c5e39d12e220eb12d4758214004c	2150
loss-only-instance-enumeration	codex/loss-only-instance-enumeration	eb6871b949	M	different_on_main_same_path	configs/infer/recursive_detection_ce/compact_full_random_sft_ckpt2200_val200_bsz4_rep1p10_max3084_chatfix.yaml	snapshots/loss-only-instance-enumeration/configs/infer/recursive_detection_ce/compact_full_random_sft_ckpt2200_val200_bsz4_rep1p10_max3084_chatfix.yaml	9e49ae80f625cd94f549e3cd9dc024f6d37819325f280133761babf0bc43b333	2083
loss-only-instance-enumeration	codex/loss-only-instance-enumeration	eb6871b949	M	different_on_main_same_path	configs/infer/recursive_detection_ce/compact_full_random_sft_ckpt2200_val200_bsz8_rep1p10.yaml	snapshots/loss-only-instance-enumeration/configs/infer/recursive_detection_ce/compact_full_random_sft_ckpt2200_val200_bsz8_rep1p10.yaml	2dabe9a16a5f6b45651afa832eefba0ad6fcfd8b19a0343d1f46f503f39779dd	1915
loss-only-instance-enumeration	codex/loss-only-instance-enumeration	eb6871b949	M	different_on_main_same_path	configs/infer/recursive_detection_ce/compact_full_random_sft_ckpt2200_val200_bsz8_rep1p10_max3084_chatfix.yaml	snapshots/loss-only-instance-enumeration/configs/infer/recursive_detection_ce/compact_full_random_sft_ckpt2200_val200_bsz8_rep1p10_max3084_chatfix.yaml	4f44bfae49e4697c65e0d1efaff4276f6f0ef958702e2183dee4aba6c4a64198	2013
loss-only-instance-enumeration	codex/loss-only-instance-enumeration	eb6871b949	M	different_on_main_same_path	configs/infer/recursive_detection_ce/compact_full_support2_ckpt3600_preflight8_bsz8.yaml	snapshots/loss-only-instance-enumeration/configs/infer/recursive_detection_ce/compact_full_support2_ckpt3600_preflight8_bsz8.yaml	ff33b391882fc91271f50c3177297b25c73a82c1ab5fead168d1c1240d53b75c	1538
loss-only-instance-enumeration	codex/loss-only-instance-enumeration	eb6871b949	M	different_on_main_same_path	configs/infer/recursive_detection_ce/compact_full_support2_ckpt3600_val200_bsz8.yaml	snapshots/loss-only-instance-enumeration/configs/infer/recursive_detection_ce/compact_full_support2_ckpt3600_val200_bsz8.yaml	8f2a59e872cab804d2cad645507c294d61b041797747512593971ca52f2c0606	1816
loss-only-instance-enumeration	codex/loss-only-instance-enumeration	eb6871b949	M	different_on_main_same_path	configs/infer/recursive_detection_ce/compact_full_support2_tokenrows_v2_ckpt3664_smoke2_hf.yaml	snapshots/loss-only-instance-enumeration/configs/infer/recursive_detection_ce/compact_full_support2_tokenrows_v2_ckpt3664_smoke2_hf.yaml	ee62ff703a0c2fbb281f7430cde0d28889ad3707810e84000cab76d29b766f92	1798
loss-only-instance-enumeration	codex/loss-only-instance-enumeration	eb6871b949	M	different_on_main_same_path	configs/infer/recursive_detection_ce/compact_full_support2_tokenrows_v2_ckpt3664_val200_bsz8.yaml	snapshots/loss-only-instance-enumeration/configs/infer/recursive_detection_ce/compact_full_support2_tokenrows_v2_ckpt3664_val200_bsz8.yaml	ed3aa358f8c01238fb7986dde78440e2308f1bef0d43b0c19c1d85d54646e041	1862
loss-only-instance-enumeration	codex/loss-only-instance-enumeration	eb6871b949	M	different_on_main_same_path	configs/infer/recursive_detection_ce/compact_full_support2_tokenrows_v2_ckpt3664_val200_bsz8_rep1p00.yaml	snapshots/loss-only-instance-enumeration/configs/infer/recursive_detection_ce/compact_full_support2_tokenrows_v2_ckpt3664_val200_bsz8_rep1p00.yaml	6d7e7c61f9eda84e612d94aca1aea72cdac8d72db3c2d59eabba25b5ea44d441	1926
loss-only-instance-enumeration	codex/loss-only-instance-enumeration	eb6871b949	M	different_on_main_same_path	configs/infer/recursive_detection_ce/compact_full_support2_tokenrows_v2_ckpt3664_val200_bsz8_rep1p10.yaml	snapshots/loss-only-instance-enumeration/configs/infer/recursive_detection_ce/compact_full_support2_tokenrows_v2_ckpt3664_val200_bsz8_rep1p10.yaml	accf94364ef5a61a2c2a2ba10a3c03e60c779b98d71139d00c3efc7adbbc88e7	1933
loss-only-instance-enumeration	codex/loss-only-instance-enumeration	eb6871b949	M	different_on_main_same_path	configs/infer/recursive_detection_ce/compact_full_support2_tokenrows_v2_ckpt3664_val200_bsz8_rep1p10_max3084_chatfix.yaml	snapshots/loss-only-instance-enumeration/configs/infer/recursive_detection_ce/compact_full_support2_tokenrows_v2_ckpt3664_val200_bsz8_rep1p10_max3084_chatfix.yaml	59898b672122bc8a030a69fdfe0ef35dd4850e947bc5a1dc7ac26cfe873f68cb	2059
loss-only-instance-enumeration	codex/loss-only-instance-enumeration	eb6871b949	M	different_on_main_same_path	configs/infer/recursive_detection_ce/compact_full_support2_tokenrows_v2_ckpt3664_val200_bsz8_rep1p10_prompt_offset_fix.yaml	snapshots/loss-only-instance-enumeration/configs/infer/recursive_detection_ce/compact_full_support2_tokenrows_v2_ckpt3664_val200_bsz8_rep1p10_prompt_offset_fix.yaml	92a820772516acbf85edf2260a3b578fbd89f9b05f1a86396db66cbd8212d319	2063
loss-only-instance-enumeration	codex/loss-only-instance-enumeration	eb6871b949	M	different_on_main_same_path	configs/stage1/detection_teacher_forcing/README.md	snapshots/loss-only-instance-enumeration/configs/stage1/detection_teacher_forcing/README.md	f5f9e246c6c94820e69b321f265268c7224f1c04589783524182225156eae685	803
loss-only-instance-enumeration	codex/loss-only-instance-enumeration	eb6871b949	A	missing_on_main_same_path	configs/stage1/detection_teacher_forcing/ablation/instance_enum_v1a_loss_only_random_active_hp02_1024_128_triage4g.yaml	snapshots/loss-only-instance-enumeration/configs/stage1/detection_teacher_forcing/ablation/instance_enum_v1a_loss_only_random_active_hp02_1024_128_triage4g.yaml	d9f6c057bdb0d126a2fdd86e7f779ff38fdec30982c33df7ebc8773af606c2bb	437
loss-only-instance-enumeration	codex/loss-only-instance-enumeration	eb6871b949	A	missing_on_main_same_path	configs/stage1/detection_teacher_forcing/ablation/instance_enum_v1a_loss_only_random_active_hp02_latest_aligner_dora_4096_128_no_newline_1epoch32_4gpu.yaml	snapshots/loss-only-instance-enumeration/configs/stage1/detection_teacher_forcing/ablation/instance_enum_v1a_loss_only_random_active_hp02_latest_aligner_dora_4096_128_no_newline_1epoch32_4gpu.yaml	865c4fa181ca4bbc61b7645d75c03ac98e3eaae49ad593220a6e06e3991f0305	1411
loss-only-instance-enumeration	codex/loss-only-instance-enumeration	eb6871b949	A	missing_on_main_same_path	configs/stage1/detection_teacher_forcing/ablation/instance_enum_v1a_loss_only_random_hp01_base_1024_128_triage4g.yaml	snapshots/loss-only-instance-enumeration/configs/stage1/detection_teacher_forcing/ablation/instance_enum_v1a_loss_only_random_hp01_base_1024_128_triage4g.yaml	0042dd992e658bd54e972f9a4251c6ba8291146e8b3e4d339eea5e21e1d88144	1326
loss-only-instance-enumeration	codex/loss-only-instance-enumeration	eb6871b949	A	missing_on_main_same_path	configs/stage1/detection_teacher_forcing/ablation/instance_enum_v1a_loss_only_random_hp02_stronger_1024_128_triage4g.yaml	snapshots/loss-only-instance-enumeration/configs/stage1/detection_teacher_forcing/ablation/instance_enum_v1a_loss_only_random_hp02_stronger_1024_128_triage4g.yaml	ea1677d45b81b9b374a9d840166e1a7e606fec80f5b65953b37799bdb82493fc	1334
loss-only-instance-enumeration	codex/loss-only-instance-enumeration	eb6871b949	A	missing_on_main_same_path	configs/stage1/detection_teacher_forcing/ablation/instance_enum_v1a_loss_only_random_none_1024_128_triage4g.yaml	snapshots/loss-only-instance-enumeration/configs/stage1/detection_teacher_forcing/ablation/instance_enum_v1a_loss_only_random_none_1024_128_triage4g.yaml	3a1e40dd428a9f09864a88fad18affd8938da09b909b3939ab730cc57ea60674	1213
loss-only-instance-enumeration	codex/loss-only-instance-enumeration	eb6871b949	A	missing_on_main_same_path	configs/stage1/detection_teacher_forcing/ablation/instance_enum_v1a_loss_only_random_none_latest_aligner_dora_4096_128_no_newline_1epoch32_4gpu.yaml	snapshots/loss-only-instance-enumeration/configs/stage1/detection_teacher_forcing/ablation/instance_enum_v1a_loss_only_random_none_latest_aligner_dora_4096_128_no_newline_1epoch32_4gpu.yaml	ace6fb75025378e6a05fb3545aa045a3e9ba3890b73f8894b42536190135a256	1391
loss-only-instance-enumeration	codex/loss-only-instance-enumeration	eb6871b949	A	missing_on_main_same_path	configs/stage1/detection_teacher_forcing/ablation/instance_enum_v1a_loss_only_random_sft_ce_cont_random_pure_sft_freeze_vitblocks_1epoch_eval512_8gpu.yaml	snapshots/loss-only-instance-enumeration/configs/stage1/detection_teacher_forcing/ablation/instance_enum_v1a_loss_only_random_sft_ce_cont_random_pure_sft_freeze_vitblocks_1epoch_eval512_8gpu.yaml	e55bbbb26fb8716911ca24f160007b28d4d5f7f1b6b9287ea267bc0c0400bd95	2760
loss-only-instance-enumeration	codex/loss-only-instance-enumeration	eb6871b949	A	missing_on_main_same_path	configs/stage1/detection_teacher_forcing/ablation/instance_enum_v1a_loss_only_random_sft_ce_cont_random_pure_sft_freeze_vitblocks_8gpu_smoke.yaml	snapshots/loss-only-instance-enumeration/configs/stage1/detection_teacher_forcing/ablation/instance_enum_v1a_loss_only_random_sft_ce_cont_random_pure_sft_freeze_vitblocks_8gpu_smoke.yaml	f8b07760dfa2cd679e9a0c42c605f6a1749a50aeb517ff889c2f5adc339784f1	730
loss-only-instance-enumeration	codex/loss-only-instance-enumeration	eb6871b949	A	missing_on_main_same_path	configs/stage1/detection_teacher_forcing/ablation/instance_enum_v1a_loss_only_random_smoke.yaml	snapshots/loss-only-instance-enumeration/configs/stage1/detection_teacher_forcing/ablation/instance_enum_v1a_loss_only_random_smoke.yaml	7ae670e33d48b409b7740a3e6c701799477c8205f00f098a11f31fcb430ece9a	713
loss-only-instance-enumeration	codex/loss-only-instance-enumeration	eb6871b949	A	missing_on_main_same_path	configs/stage1/detection_teacher_forcing/ablation/instance_enum_v1a_loss_only_sorted_hp01_base_1024_128_triage4g.yaml	snapshots/loss-only-instance-enumeration/configs/stage1/detection_teacher_forcing/ablation/instance_enum_v1a_loss_only_sorted_hp01_base_1024_128_triage4g.yaml	a03df4da6b43b50c51dfbe0e091cedb95c31d99a3ebbc0100804564db4454cfa	1326
loss-only-instance-enumeration	codex/loss-only-instance-enumeration	eb6871b949	A	missing_on_main_same_path	configs/stage1/detection_teacher_forcing/ablation/instance_enum_v1a_loss_only_sorted_hp02_stronger_1024_128_triage4g.yaml	snapshots/loss-only-instance-enumeration/configs/stage1/detection_teacher_forcing/ablation/instance_enum_v1a_loss_only_sorted_hp02_stronger_1024_128_triage4g.yaml	a6c2e40a37c7a4c8e1d2934a68183073ca575d07f08e344662949134ee7f4998	1334
loss-only-instance-enumeration	codex/loss-only-instance-enumeration	eb6871b949	A	missing_on_main_same_path	configs/stage1/detection_teacher_forcing/ablation/instance_enum_v1a_loss_only_sorted_sft_ce_cont_random_pure_sft_freeze_vitblocks_1epoch_eval512_8gpu.yaml	snapshots/loss-only-instance-enumeration/configs/stage1/detection_teacher_forcing/ablation/instance_enum_v1a_loss_only_sorted_sft_ce_cont_random_pure_sft_freeze_vitblocks_1epoch_eval512_8gpu.yaml	1ca98a5fe8a0957271499bf0fa77b3e87927bcefd1afb4fb8d0ebdd63867a2ef	2716
loss-only-instance-enumeration	codex/loss-only-instance-enumeration	eb6871b949	A	missing_on_main_same_path	configs/stage1/detection_teacher_forcing/ablation/instance_enum_v1a_loss_only_sorted_sft_ce_cont_random_pure_sft_freeze_vitblocks_8gpu_smoke.yaml	snapshots/loss-only-instance-enumeration/configs/stage1/detection_teacher_forcing/ablation/instance_enum_v1a_loss_only_sorted_sft_ce_cont_random_pure_sft_freeze_vitblocks_8gpu_smoke.yaml	38c8a5a43ad1b15b62f0050873af78a309561adbf521927268eb0631f5c0e99c	730
loss-only-instance-enumeration	codex/loss-only-instance-enumeration	eb6871b949	A	missing_on_main_same_path	configs/stage1/detection_teacher_forcing/ablation/instance_enum_v1a_loss_only_sorted_smoke.yaml	snapshots/loss-only-instance-enumeration/configs/stage1/detection_teacher_forcing/ablation/instance_enum_v1a_loss_only_sorted_smoke.yaml	b4fbcbd6fce90fb9bf68a8abb2e25763109f95d9048b96bcad766a621abb3cf2	669
loss-only-instance-enumeration	codex/loss-only-instance-enumeration	eb6871b949	A	missing_on_main_same_path	configs/stage1/detection_teacher_forcing/ablation/no_visual_coverage_random_sft_ce_cont_from_random_pure_sft_freeze_vitblocks_1epoch_eval512_8gpu.yaml	snapshots/loss-only-instance-enumeration/configs/stage1/detection_teacher_forcing/ablation/no_visual_coverage_random_sft_ce_cont_from_random_pure_sft_freeze_vitblocks_1epoch_eval512_8gpu.yaml	8786d7aead4d0066401ec0e3845f45fcdb6740908fd1855fd8257c0599d8d451	637
loss-only-instance-enumeration	codex/loss-only-instance-enumeration	eb6871b949	A	missing_on_main_same_path	configs/stage1/detection_teacher_forcing/ablation/pixel_painted_row_coverage_random_sft_ce_cont_from_random_pure_sft_all_layers_1epoch_eval512_8gpu.yaml	snapshots/loss-only-instance-enumeration/configs/stage1/detection_teacher_forcing/ablation/pixel_painted_row_coverage_random_sft_ce_cont_from_random_pure_sft_all_layers_1epoch_eval512_8gpu.yaml	0080ae76ecb5ec8e979b37b3adfbcbe94ed9f471b707e17e72a9994fc2571fb9	1223
loss-only-instance-enumeration	codex/loss-only-instance-enumeration	eb6871b949	A	missing_on_main_same_path	configs/stage1/detection_teacher_forcing/ablation/pixel_painted_row_coverage_random_sft_smoke.yaml	snapshots/loss-only-instance-enumeration/configs/stage1/detection_teacher_forcing/ablation/pixel_painted_row_coverage_random_sft_smoke.yaml	a5cd772cbe3f0464078d2eed52d4ed00b6483acfbe0e93f7c8b7d8a18ed1c811	768
loss-only-instance-enumeration	codex/loss-only-instance-enumeration	eb6871b949	A	missing_on_main_same_path	configs/stage1/detection_teacher_forcing/ablation/row_coverage_random_sft_ce_cont_from_random_pure_sft_1epoch_eval512_8gpu.yaml	snapshots/loss-only-instance-enumeration/configs/stage1/detection_teacher_forcing/ablation/row_coverage_random_sft_ce_cont_from_random_pure_sft_1epoch_eval512_8gpu.yaml	74ab52310e20b21841a0257cccd3f5f245d68be563402dc45ef45cf604598a71	2945
loss-only-instance-enumeration	codex/loss-only-instance-enumeration	eb6871b949	A	missing_on_main_same_path	configs/stage1/detection_teacher_forcing/ablation/row_coverage_random_sft_ce_cont_from_random_pure_sft_8gpu_preflight.yaml	snapshots/loss-only-instance-enumeration/configs/stage1/detection_teacher_forcing/ablation/row_coverage_random_sft_ce_cont_from_random_pure_sft_8gpu_preflight.yaml	2c675e94c923b2393cf59f0fc9c4d0e4dac01bb4b7d2f224dc3adb42637cff58	579
loss-only-instance-enumeration	codex/loss-only-instance-enumeration	eb6871b949	A	missing_on_main_same_path	configs/stage1/detection_teacher_forcing/ablation/row_coverage_random_sft_ce_cont_from_random_pure_sft_all_layers_1gpu_debug.yaml	snapshots/loss-only-instance-enumeration/configs/stage1/detection_teacher_forcing/ablation/row_coverage_random_sft_ce_cont_from_random_pure_sft_all_layers_1gpu_debug.yaml	f07b1404ab9c34f6a95a4b17cbc5c1758b498bd1428c64bf521c192414d07f6c	573
loss-only-instance-enumeration	codex/loss-only-instance-enumeration	eb6871b949	A	missing_on_main_same_path	configs/stage1/detection_teacher_forcing/ablation/row_coverage_random_sft_ce_cont_from_random_pure_sft_all_layers_1gpu_loss_trend.yaml	snapshots/loss-only-instance-enumeration/configs/stage1/detection_teacher_forcing/ablation/row_coverage_random_sft_ce_cont_from_random_pure_sft_all_layers_1gpu_loss_trend.yaml	9264033f8394ba12f831fb10aacf1e421996a440d0d122e36a4fbb223d0c123c	470
loss-only-instance-enumeration	codex/loss-only-instance-enumeration	eb6871b949	A	missing_on_main_same_path	configs/stage1/detection_teacher_forcing/ablation/row_coverage_random_sft_ce_cont_from_random_pure_sft_all_layers_8gpu_smoke.yaml	snapshots/loss-only-instance-enumeration/configs/stage1/detection_teacher_forcing/ablation/row_coverage_random_sft_ce_cont_from_random_pure_sft_all_layers_8gpu_smoke.yaml	d004a84b284a9b3daab9a1173e9746776ab761eaaacee5e49c0a9f901d7bcf8d	571
loss-only-instance-enumeration	codex/loss-only-instance-enumeration	eb6871b949	A	missing_on_main_same_path	configs/stage1/detection_teacher_forcing/ablation/row_coverage_random_sft_ce_cont_from_random_pure_sft_freeze_vitblocks_1epoch_eval512_8gpu.yaml	snapshots/loss-only-instance-enumeration/configs/stage1/detection_teacher_forcing/ablation/row_coverage_random_sft_ce_cont_from_random_pure_sft_freeze_vitblocks_1epoch_eval512_8gpu.yaml	5cb5fd53a6e65654a6ab8b9f00864f7a19c45679fcf035f8911c189e57fc2951	817
loss-only-instance-enumeration	codex/loss-only-instance-enumeration	eb6871b949	A	missing_on_main_same_path	configs/stage1/detection_teacher_forcing/ablation/row_coverage_random_sft_smoke.yaml	snapshots/loss-only-instance-enumeration/configs/stage1/detection_teacher_forcing/ablation/row_coverage_random_sft_smoke.yaml	9d8e27b2767b0c1b102667ac7dffa9086a23b099b4562dd1a4736758caada89b	538
loss-only-instance-enumeration	codex/loss-only-instance-enumeration	eb6871b949	A	missing_on_main_same_path	configs/stage1/detection_teacher_forcing/ablation/row_coverage_sorted_sft_smoke.yaml	snapshots/loss-only-instance-enumeration/configs/stage1/detection_teacher_forcing/ablation/row_coverage_sorted_sft_smoke.yaml	7fc02322ffc050b607138dcfdbbae601173921817bf2a3329687ca94bc2b3de6	526
loss-only-instance-enumeration	codex/loss-only-instance-enumeration	eb6871b949	A	missing_on_main_same_path	configs/stage1/detection_teacher_forcing/ablation/row_state_sft_zero_visual_residual_random_sft_ce_cont_from_random_pure_sft_freeze_vitblocks_1epoch_eval512_8gpu.yaml	snapshots/loss-only-instance-enumeration/configs/stage1/detection_teacher_forcing/ablation/row_state_sft_zero_visual_residual_random_sft_ce_cont_from_random_pure_sft_freeze_vitblocks_1epoch_eval512_8gpu.yaml	5e627694ce8c414d1011de0696f5f2346ef01498d32e010ee04a0a770c057155	719
loss-only-instance-enumeration	codex/loss-only-instance-enumeration	eb6871b949	M	missing_on_main_same_path	configs/stage1/detection_teacher_forcing/prod/compact_full_support2.yaml	snapshots/loss-only-instance-enumeration/configs/stage1/detection_teacher_forcing/prod/compact_full_support2.yaml	30c58c16888287a28b340f09e78532a02a573c16b2d81224c23bf2f860f1cbf2	3497
loss-only-instance-enumeration	codex/loss-only-instance-enumeration	eb6871b949	A	missing_on_main_same_path	configs/stage1/recursive_detection_ce_latest/ablation/standard_random_sft_ce_cont_from_ckpt3668_freeze_vitblocks_1epoch_eval512_len12000_8gpu.yaml	snapshots/loss-only-instance-enumeration/configs/stage1/recursive_detection_ce_latest/ablation/standard_random_sft_ce_cont_from_ckpt3668_freeze_vitblocks_1epoch_eval512_len12000_8gpu.yaml	effe85fe3b78a08acc9c507a8127f485dac18ab7f2c127b6ce8ed67aeaa88b9a	4642
loss-only-instance-enumeration	codex/loss-only-instance-enumeration	eb6871b949	M	different_on_main_same_path	configs/stage2/rollout_correction/base.yaml	snapshots/loss-only-instance-enumeration/configs/stage2/rollout_correction/base.yaml	2fa5ae4a89b2ea5f1d67cf59cc850397edf9d22d27465d18d1dc2bc0dfc1c278	4227
loss-only-instance-enumeration	codex/loss-only-instance-enumeration	eb6871b949	M	different_on_main_same_path	configs/stage2/rollout_correction/smoke/compact_full_hf_1step.yaml	snapshots/loss-only-instance-enumeration/configs/stage2/rollout_correction/smoke/compact_full_hf_1step.yaml	4021dee3cd05a144c024af4238390930a56c0f7fa9a53cd50fb17c7b3bbf7d58	2985
loss-only-instance-enumeration	codex/loss-only-instance-enumeration	eb6871b949	M	different_on_main_same_path	configs/stage2/rollout_correction/smoke/compact_full_vllm_train64_val32_12steps_baseline.yaml	snapshots/loss-only-instance-enumeration/configs/stage2/rollout_correction/smoke/compact_full_vllm_train64_val32_12steps_baseline.yaml	448fb50fa9c2aaa6881320e73992f63d40a04a51863339b32b0262a9dc59f6a9	4215
loss-only-instance-enumeration	codex/loss-only-instance-enumeration	eb6871b949	M	different_on_main_same_path	docs/ARTIFACTS.md	snapshots/loss-only-instance-enumeration/docs/ARTIFACTS.md	9ef2a0e6d2e2825bdfd3a35cb777600f21fe3288201b0d3cad7b57c8faee5d0a	29474
loss-only-instance-enumeration	codex/loss-only-instance-enumeration	eb6871b949	A	missing_on_main_same_path	docs/superpowers/plans/2026-06-05-row-conditioned-visual-coverage-prototype.md	snapshots/loss-only-instance-enumeration/docs/superpowers/plans/2026-06-05-row-conditioned-visual-coverage-prototype.md	e78e3dc1d4e3f8ad5352793e2cf21d0e359bc4d039cb929ce0e7266cc32521eb	91648
loss-only-instance-enumeration	codex/loss-only-instance-enumeration	eb6871b949	A	missing_on_main_same_path	docs/superpowers/plans/2026-06-08-loss-only-instance-enumeration-v1a.md	snapshots/loss-only-instance-enumeration/docs/superpowers/plans/2026-06-08-loss-only-instance-enumeration-v1a.md	9ac8c7a0f1bcde47ac97c43f75c356800dea991a128adb373dec6def1c3ea855	59070
loss-only-instance-enumeration	codex/loss-only-instance-enumeration	eb6871b949	A	missing_on_main_same_path	docs/superpowers/plans/2026-06-08-pixel-painted-row-coverage.md	snapshots/loss-only-instance-enumeration/docs/superpowers/plans/2026-06-08-pixel-painted-row-coverage.md	3a3e526a1f46fd936ae809ebd1942d8cb0f22aa5099ef099fa63bdad9f733b2d	19617
loss-only-instance-enumeration	codex/loss-only-instance-enumeration	eb6871b949	A	missing_on_main_same_path	docs/superpowers/specs/2026-06-05-row-conditioned-visual-coverage-design.md	snapshots/loss-only-instance-enumeration/docs/superpowers/specs/2026-06-05-row-conditioned-visual-coverage-design.md	7f68f787b2d5662547542609db50ec72510ec2ee5d6d50656a622429e1ffe9ff	13838
loss-only-instance-enumeration	codex/loss-only-instance-enumeration	eb6871b949	A	missing_on_main_same_path	docs/superpowers/specs/2026-06-05-row-conditioned-visual-coverage-protocol.md	snapshots/loss-only-instance-enumeration/docs/superpowers/specs/2026-06-05-row-conditioned-visual-coverage-protocol.md	62aac6dd1bf03b7df33b0046fd4360627aad06d8be4d9f97e94c6dfe1a6a94d4	22287
loss-only-instance-enumeration	codex/loss-only-instance-enumeration	eb6871b949	A	missing_on_main_same_path	docs/superpowers/specs/2026-06-08-loss-only-instance-enumeration-design.md	snapshots/loss-only-instance-enumeration/docs/superpowers/specs/2026-06-08-loss-only-instance-enumeration-design.md	ec1527f3f4e0ad216cc4c4bac43dfe1c5aaa7877156652f87eaa883ab8f7c07a	69310
loss-only-instance-enumeration	codex/loss-only-instance-enumeration	eb6871b949	A	missing_on_main_same_path	docs/superpowers/specs/2026-06-08-pixel-painted-row-coverage-design.md	snapshots/loss-only-instance-enumeration/docs/superpowers/specs/2026-06-08-pixel-painted-row-coverage-design.md	316bebced7cf5c55c6a27b3076ffbe0f22e658c4ee892607557325a6a31b228c	11113
loss-only-instance-enumeration	codex/loss-only-instance-enumeration	eb6871b949	M	different_on_main_same_path	docs/training/STAGE2_RUNBOOK.md	snapshots/loss-only-instance-enumeration/docs/training/STAGE2_RUNBOOK.md	5a8833d6cca434811aacc36e94d98ae69c1323110f1a7d1dc58ff47a8b39867f	23577
loss-only-instance-enumeration	codex/loss-only-instance-enumeration	eb6871b949	A	same_on_main_same_path	progress/directions/2026-06-05_row_conditioned_visual_coverage.md		7fd6f8ee7201c84b6c1ee7de32b318ae823030f71f9b6ccffec5dc1dc431dfe1	33084
loss-only-instance-enumeration	codex/loss-only-instance-enumeration	eb6871b949	A	different_on_main_same_path	progress/directions/2026-06-07_segment_aware_packing_infra.md	snapshots/loss-only-instance-enumeration/progress/directions/2026-06-07_segment_aware_packing_infra.md	02a9b448c136a183f3ad16eb2f3011f22db84bce95887b49dbc959050e09b37e	34568
loss-only-instance-enumeration	codex/loss-only-instance-enumeration	eb6871b949	M	different_on_main_same_path	progress/directions/README.md	snapshots/loss-only-instance-enumeration/progress/directions/README.md	cb61575ebdaa94dd852ceced9a6bfc31c6993b99abb40394ca511a9196afd93e	2538
loss-only-instance-enumeration	codex/loss-only-instance-enumeration	eb6871b949	M	different_on_main_same_path	progress/index.yaml	snapshots/loss-only-instance-enumeration/progress/index.yaml	9af40cb0757ede094e6dded2cb602fde12a781abe71e8cafb032996c3cf3c548	16638
mechanistic-diagnosis-experiments	codex/mechanistic-diagnosis-experiments	9d66860749	A	missing_on_main_same_path	configs/analysis/autoregressive_duplication_mechanism/book17_teacher_forced_attention_aux.yaml	snapshots/mechanistic-diagnosis-experiments/configs/analysis/autoregressive_duplication_mechanism/book17_teacher_forced_attention_aux.yaml	d652db3652a075f8f888ac15d189c15ca1339edca83b873538d3af9a251bd088	1937
mechanistic-diagnosis-experiments	codex/mechanistic-diagnosis-experiments	9d66860749	A	missing_on_main_same_path	configs/analysis/autoregressive_duplication_mechanism/book17_teacher_forced_attention_aux_lane_c.yaml	snapshots/mechanistic-diagnosis-experiments/configs/analysis/autoregressive_duplication_mechanism/book17_teacher_forced_attention_aux_lane_c.yaml	f947be386caa6525f45d3cdb90d63d06919403ccd5cc4280e74e16f743137b32	2187
mechanistic-diagnosis-experiments	codex/mechanistic-diagnosis-experiments	9d66860749	A	missing_on_main_same_path	configs/analysis/autoregressive_duplication_mechanism/book17_teacher_forced_attention_no_aligner.yaml	snapshots/mechanistic-diagnosis-experiments/configs/analysis/autoregressive_duplication_mechanism/book17_teacher_forced_attention_no_aligner.yaml	f4a535a4f67cb49f92e1de635f578226a54b2facc111c91f734d8888f15188a1	1850
mechanistic-diagnosis-experiments	codex/mechanistic-diagnosis-experiments	9d66860749	A	missing_on_main_same_path	configs/analysis/autoregressive_duplication_mechanism/book17_teacher_forced_attention_no_aligner_lane_c.yaml	snapshots/mechanistic-diagnosis-experiments/configs/analysis/autoregressive_duplication_mechanism/book17_teacher_forced_attention_no_aligner_lane_c.yaml	40e68d4413e7ac501009e55385d019285040d4c16484853c4e214844bd7c404d	1917
mechanistic-diagnosis-experiments	codex/mechanistic-diagnosis-experiments	9d66860749	A	missing_on_main_same_path	configs/analysis/autoregressive_duplication_mechanism/phase0_joint_val128.yaml	snapshots/mechanistic-diagnosis-experiments/configs/analysis/autoregressive_duplication_mechanism/phase0_joint_val128.yaml	5676874ee1384fd1456df22afd5c2e22e231b9cc03f78e8ccf523d7b826a4172	3580
mechanistic-diagnosis-experiments	codex/mechanistic-diagnosis-experiments	9d66860749	A	missing_on_main_same_path	configs/analysis/autoregressive_duplication_mechanism/phase1_hidden_logit_manifest_val128.yaml	snapshots/mechanistic-diagnosis-experiments/configs/analysis/autoregressive_duplication_mechanism/phase1_hidden_logit_manifest_val128.yaml	5eda110929fe45759a93540327ff1d9908801611ab4593c5061ab4c45b053971	638
mechanistic-diagnosis-experiments	codex/mechanistic-diagnosis-experiments	9d66860749	M	different_on_main_same_path	configs/analysis/post_x1_instance_basin_tomography/five_ckpt_policy_objective_ckpt3668_phase_a3_3.yaml	snapshots/mechanistic-diagnosis-experiments/configs/analysis/post_x1_instance_basin_tomography/five_ckpt_policy_objective_ckpt3668_phase_a3_3.yaml	e80ca610c7316bb74e27c9a77e824ba68828dbab13be546c4af63f93e04f9c89	5608
mechanistic-diagnosis-experiments	codex/mechanistic-diagnosis-experiments	9d66860749	M	different_on_main_same_path	configs/analysis/post_x1_instance_basin_tomography/five_ckpt_policy_objective_ckpt3668_phase_a3_3_smoke.yaml	snapshots/mechanistic-diagnosis-experiments/configs/analysis/post_x1_instance_basin_tomography/five_ckpt_policy_objective_ckpt3668_phase_a3_3_smoke.yaml	27e9d6df01198b7c22d6c6764713eb9a768fcb1fc1633308c25251d8cf8ce74e	5612
mechanistic-diagnosis-experiments	codex/mechanistic-diagnosis-experiments	9d66860749	A	missing_on_main_same_path	configs/analysis/row_conditioned_visual_coverage/embedding_paint_rollout_ckpt2000_val64.yaml	snapshots/mechanistic-diagnosis-experiments/configs/analysis/row_conditioned_visual_coverage/embedding_paint_rollout_ckpt2000_val64.yaml	857695fb9302d6ffd6a64ea3dbb9246aa73d2f1979087e7a7dac96e05b57e454	1171
mechanistic-diagnosis-experiments	codex/mechanistic-diagnosis-experiments	9d66860749	A	missing_on_main_same_path	configs/analysis/row_conditioned_visual_coverage/rollout_smoke.yaml	snapshots/mechanistic-diagnosis-experiments/configs/analysis/row_conditioned_visual_coverage/rollout_smoke.yaml	6b7974b44a4ca2209bcc6efc57a80baa003e8248b387478192cdd4f8c328fabd	2271
mechanistic-diagnosis-experiments	codex/mechanistic-diagnosis-experiments	9d66860749	M	different_on_main_same_path	configs/infer/recursive_detection_ce/a5_instance_trie_gaussian_ckpt3664_val200_bsz4_rep1p10_max3084_chatfix_1gpu.yaml	snapshots/mechanistic-diagnosis-experiments/configs/infer/recursive_detection_ce/a5_instance_trie_gaussian_ckpt3664_val200_bsz4_rep1p10_max3084_chatfix_1gpu.yaml	384a14a9878b3ea760a8d4a81e6d934b46d0807c8fe968d377dac0f7b82326c5	2110
mechanistic-diagnosis-experiments	codex/mechanistic-diagnosis-experiments	9d66860749	M	different_on_main_same_path	configs/infer/recursive_detection_ce/a6_ce_gaussian_mix0p2_ckpt3664_val200_bsz4_rep1p10_max3084_chatfix_1gpu.yaml	snapshots/mechanistic-diagnosis-experiments/configs/infer/recursive_detection_ce/a6_ce_gaussian_mix0p2_ckpt3664_val200_bsz4_rep1p10_max3084_chatfix_1gpu.yaml	5567b08ab0034c7cfe50a4394c8ccf042a7ef2fdd4726d449b5fa7bf34ba25d9	2082
mechanistic-diagnosis-experiments	codex/mechanistic-diagnosis-experiments	9d66860749	M	different_on_main_same_path	configs/infer/recursive_detection_ce/compact_full_random_sft_bsz1_accum16_ckpt3664_val200_bsz4_rep1p10_max3084_chatfix_8gpu.yaml	snapshots/mechanistic-diagnosis-experiments/configs/infer/recursive_detection_ce/compact_full_random_sft_bsz1_accum16_ckpt3664_val200_bsz4_rep1p10_max3084_chatfix_8gpu.yaml	e627bb403257e74d14277de0a6f03ec9e9a8c5e39d12e220eb12d4758214004c	2150
mechanistic-diagnosis-experiments	codex/mechanistic-diagnosis-experiments	9d66860749	M	different_on_main_same_path	configs/infer/recursive_detection_ce/compact_full_random_sft_ckpt2200_val200_bsz4_rep1p10_max3084_chatfix.yaml	snapshots/mechanistic-diagnosis-experiments/configs/infer/recursive_detection_ce/compact_full_random_sft_ckpt2200_val200_bsz4_rep1p10_max3084_chatfix.yaml	9e49ae80f625cd94f549e3cd9dc024f6d37819325f280133761babf0bc43b333	2083
mechanistic-diagnosis-experiments	codex/mechanistic-diagnosis-experiments	9d66860749	M	different_on_main_same_path	configs/infer/recursive_detection_ce/compact_full_random_sft_ckpt2200_val200_bsz8_rep1p10.yaml	snapshots/mechanistic-diagnosis-experiments/configs/infer/recursive_detection_ce/compact_full_random_sft_ckpt2200_val200_bsz8_rep1p10.yaml	dedd28476bac919c92a017b576af3cae91b4b0b5fe657dcff7e5e0c7a21fac00	1903
mechanistic-diagnosis-experiments	codex/mechanistic-diagnosis-experiments	9d66860749	M	different_on_main_same_path	configs/infer/recursive_detection_ce/compact_full_random_sft_ckpt2200_val200_bsz8_rep1p10_max3084_chatfix.yaml	snapshots/mechanistic-diagnosis-experiments/configs/infer/recursive_detection_ce/compact_full_random_sft_ckpt2200_val200_bsz8_rep1p10_max3084_chatfix.yaml	4f44bfae49e4697c65e0d1efaff4276f6f0ef958702e2183dee4aba6c4a64198	2013
mechanistic-diagnosis-experiments	codex/mechanistic-diagnosis-experiments	9d66860749	M	different_on_main_same_path	configs/infer/recursive_detection_ce/compact_full_support2_ckpt3600_preflight8_bsz8.yaml	snapshots/mechanistic-diagnosis-experiments/configs/infer/recursive_detection_ce/compact_full_support2_ckpt3600_preflight8_bsz8.yaml	ade6211b94106dbd5cbe6171576a4faedc4071ee0bfada63acaedf07849db7db	1526
mechanistic-diagnosis-experiments	codex/mechanistic-diagnosis-experiments	9d66860749	M	different_on_main_same_path	configs/infer/recursive_detection_ce/compact_full_support2_ckpt3600_val200_bsz8.yaml	snapshots/mechanistic-diagnosis-experiments/configs/infer/recursive_detection_ce/compact_full_support2_ckpt3600_val200_bsz8.yaml	ffd13cfd4448d78a05c6869475ebf45839bd6a0a01bdecf2333f299a3bacf147	1804
mechanistic-diagnosis-experiments	codex/mechanistic-diagnosis-experiments	9d66860749	M	different_on_main_same_path	configs/infer/recursive_detection_ce/compact_full_support2_tokenrows_v2_ckpt3664_smoke2_hf.yaml	snapshots/mechanistic-diagnosis-experiments/configs/infer/recursive_detection_ce/compact_full_support2_tokenrows_v2_ckpt3664_smoke2_hf.yaml	ee62ff703a0c2fbb281f7430cde0d28889ad3707810e84000cab76d29b766f92	1798
mechanistic-diagnosis-experiments	codex/mechanistic-diagnosis-experiments	9d66860749	M	different_on_main_same_path	configs/infer/recursive_detection_ce/compact_full_support2_tokenrows_v2_ckpt3664_val200_bsz8.yaml	snapshots/mechanistic-diagnosis-experiments/configs/infer/recursive_detection_ce/compact_full_support2_tokenrows_v2_ckpt3664_val200_bsz8.yaml	df8653ba8ff1c66d2b92a00047c46fa747d9fcb46524533e824faf89b0e1f9bd	1850
mechanistic-diagnosis-experiments	codex/mechanistic-diagnosis-experiments	9d66860749	M	different_on_main_same_path	configs/infer/recursive_detection_ce/compact_full_support2_tokenrows_v2_ckpt3664_val200_bsz8_rep1p00.yaml	snapshots/mechanistic-diagnosis-experiments/configs/infer/recursive_detection_ce/compact_full_support2_tokenrows_v2_ckpt3664_val200_bsz8_rep1p00.yaml	7228739de79ad3ecd9afd671eb6ee2c00c5de7fa703c8b4e4ed9a03c83257126	1914
mechanistic-diagnosis-experiments	codex/mechanistic-diagnosis-experiments	9d66860749	M	different_on_main_same_path	configs/infer/recursive_detection_ce/compact_full_support2_tokenrows_v2_ckpt3664_val200_bsz8_rep1p10.yaml	snapshots/mechanistic-diagnosis-experiments/configs/infer/recursive_detection_ce/compact_full_support2_tokenrows_v2_ckpt3664_val200_bsz8_rep1p10.yaml	514489d00664b69abd84173f903a404e0e8be0ee62f743f4fa417d800ab48833	1921
mechanistic-diagnosis-experiments	codex/mechanistic-diagnosis-experiments	9d66860749	M	different_on_main_same_path	configs/infer/recursive_detection_ce/compact_full_support2_tokenrows_v2_ckpt3664_val200_bsz8_rep1p10_max3084_chatfix.yaml	snapshots/mechanistic-diagnosis-experiments/configs/infer/recursive_detection_ce/compact_full_support2_tokenrows_v2_ckpt3664_val200_bsz8_rep1p10_max3084_chatfix.yaml	59898b672122bc8a030a69fdfe0ef35dd4850e947bc5a1dc7ac26cfe873f68cb	2059
mechanistic-diagnosis-experiments	codex/mechanistic-diagnosis-experiments	9d66860749	M	different_on_main_same_path	configs/infer/recursive_detection_ce/compact_full_support2_tokenrows_v2_ckpt3664_val200_bsz8_rep1p10_prompt_offset_fix.yaml	snapshots/mechanistic-diagnosis-experiments/configs/infer/recursive_detection_ce/compact_full_support2_tokenrows_v2_ckpt3664_val200_bsz8_rep1p10_prompt_offset_fix.yaml	92a820772516acbf85edf2260a3b578fbd89f9b05f1a86396db66cbd8212d319	2063
mechanistic-diagnosis-experiments	codex/mechanistic-diagnosis-experiments	9d66860749	M	different_on_main_same_path	configs/stage1/detection_teacher_forcing/README.md	snapshots/mechanistic-diagnosis-experiments/configs/stage1/detection_teacher_forcing/README.md	f5f9e246c6c94820e69b321f265268c7224f1c04589783524182225156eae685	803
mechanistic-diagnosis-experiments	codex/mechanistic-diagnosis-experiments	9d66860749	A	missing_on_main_same_path	configs/stage1/detection_teacher_forcing/ablation/instance_enum_v1a_loss_only_random_active_hp02_1024_128_triage4g.yaml	snapshots/mechanistic-diagnosis-experiments/configs/stage1/detection_teacher_forcing/ablation/instance_enum_v1a_loss_only_random_active_hp02_1024_128_triage4g.yaml	d9f6c057bdb0d126a2fdd86e7f779ff38fdec30982c33df7ebc8773af606c2bb	437
mechanistic-diagnosis-experiments	codex/mechanistic-diagnosis-experiments	9d66860749	A	missing_on_main_same_path	configs/stage1/detection_teacher_forcing/ablation/instance_enum_v1a_loss_only_random_active_hp02_latest_aligner_dora_4096_128_no_newline_1epoch32_4gpu.yaml	snapshots/mechanistic-diagnosis-experiments/configs/stage1/detection_teacher_forcing/ablation/instance_enum_v1a_loss_only_random_active_hp02_latest_aligner_dora_4096_128_no_newline_1epoch32_4gpu.yaml	865c4fa181ca4bbc61b7645d75c03ac98e3eaae49ad593220a6e06e3991f0305	1411
mechanistic-diagnosis-experiments	codex/mechanistic-diagnosis-experiments	9d66860749	A	missing_on_main_same_path	configs/stage1/detection_teacher_forcing/ablation/instance_enum_v1a_loss_only_random_hp01_base_1024_128_triage4g.yaml	snapshots/mechanistic-diagnosis-experiments/configs/stage1/detection_teacher_forcing/ablation/instance_enum_v1a_loss_only_random_hp01_base_1024_128_triage4g.yaml	0042dd992e658bd54e972f9a4251c6ba8291146e8b3e4d339eea5e21e1d88144	1326
mechanistic-diagnosis-experiments	codex/mechanistic-diagnosis-experiments	9d66860749	A	missing_on_main_same_path	configs/stage1/detection_teacher_forcing/ablation/instance_enum_v1a_loss_only_random_hp02_stronger_1024_128_triage4g.yaml	snapshots/mechanistic-diagnosis-experiments/configs/stage1/detection_teacher_forcing/ablation/instance_enum_v1a_loss_only_random_hp02_stronger_1024_128_triage4g.yaml	ea1677d45b81b9b374a9d840166e1a7e606fec80f5b65953b37799bdb82493fc	1334
mechanistic-diagnosis-experiments	codex/mechanistic-diagnosis-experiments	9d66860749	A	missing_on_main_same_path	configs/stage1/detection_teacher_forcing/ablation/instance_enum_v1a_loss_only_random_none_1024_128_triage4g.yaml	snapshots/mechanistic-diagnosis-experiments/configs/stage1/detection_teacher_forcing/ablation/instance_enum_v1a_loss_only_random_none_1024_128_triage4g.yaml	3a1e40dd428a9f09864a88fad18affd8938da09b909b3939ab730cc57ea60674	1213
mechanistic-diagnosis-experiments	codex/mechanistic-diagnosis-experiments	9d66860749	A	missing_on_main_same_path	configs/stage1/detection_teacher_forcing/ablation/instance_enum_v1a_loss_only_random_none_latest_aligner_dora_4096_128_no_newline_1epoch32_4gpu.yaml	snapshots/mechanistic-diagnosis-experiments/configs/stage1/detection_teacher_forcing/ablation/instance_enum_v1a_loss_only_random_none_latest_aligner_dora_4096_128_no_newline_1epoch32_4gpu.yaml	ace6fb75025378e6a05fb3545aa045a3e9ba3890b73f8894b42536190135a256	1391
mechanistic-diagnosis-experiments	codex/mechanistic-diagnosis-experiments	9d66860749	A	missing_on_main_same_path	configs/stage1/detection_teacher_forcing/ablation/instance_enum_v1a_loss_only_random_sft_ce_cont_random_pure_sft_freeze_vitblocks_1epoch_eval512_8gpu.yaml	snapshots/mechanistic-diagnosis-experiments/configs/stage1/detection_teacher_forcing/ablation/instance_enum_v1a_loss_only_random_sft_ce_cont_random_pure_sft_freeze_vitblocks_1epoch_eval512_8gpu.yaml	e55bbbb26fb8716911ca24f160007b28d4d5f7f1b6b9287ea267bc0c0400bd95	2760
mechanistic-diagnosis-experiments	codex/mechanistic-diagnosis-experiments	9d66860749	A	missing_on_main_same_path	configs/stage1/detection_teacher_forcing/ablation/instance_enum_v1a_loss_only_random_sft_ce_cont_random_pure_sft_freeze_vitblocks_8gpu_smoke.yaml	snapshots/mechanistic-diagnosis-experiments/configs/stage1/detection_teacher_forcing/ablation/instance_enum_v1a_loss_only_random_sft_ce_cont_random_pure_sft_freeze_vitblocks_8gpu_smoke.yaml	f8b07760dfa2cd679e9a0c42c605f6a1749a50aeb517ff889c2f5adc339784f1	730
mechanistic-diagnosis-experiments	codex/mechanistic-diagnosis-experiments	9d66860749	A	missing_on_main_same_path	configs/stage1/detection_teacher_forcing/ablation/instance_enum_v1a_loss_only_random_smoke.yaml	snapshots/mechanistic-diagnosis-experiments/configs/stage1/detection_teacher_forcing/ablation/instance_enum_v1a_loss_only_random_smoke.yaml	7ae670e33d48b409b7740a3e6c701799477c8205f00f098a11f31fcb430ece9a	713
mechanistic-diagnosis-experiments	codex/mechanistic-diagnosis-experiments	9d66860749	A	missing_on_main_same_path	configs/stage1/detection_teacher_forcing/ablation/instance_enum_v1a_loss_only_sorted_hp01_base_1024_128_triage4g.yaml	snapshots/mechanistic-diagnosis-experiments/configs/stage1/detection_teacher_forcing/ablation/instance_enum_v1a_loss_only_sorted_hp01_base_1024_128_triage4g.yaml	a03df4da6b43b50c51dfbe0e091cedb95c31d99a3ebbc0100804564db4454cfa	1326
mechanistic-diagnosis-experiments	codex/mechanistic-diagnosis-experiments	9d66860749	A	missing_on_main_same_path	configs/stage1/detection_teacher_forcing/ablation/instance_enum_v1a_loss_only_sorted_hp02_stronger_1024_128_triage4g.yaml	snapshots/mechanistic-diagnosis-experiments/configs/stage1/detection_teacher_forcing/ablation/instance_enum_v1a_loss_only_sorted_hp02_stronger_1024_128_triage4g.yaml	a6c2e40a37c7a4c8e1d2934a68183073ca575d07f08e344662949134ee7f4998	1334
mechanistic-diagnosis-experiments	codex/mechanistic-diagnosis-experiments	9d66860749	A	missing_on_main_same_path	configs/stage1/detection_teacher_forcing/ablation/instance_enum_v1a_loss_only_sorted_sft_ce_cont_random_pure_sft_freeze_vitblocks_1epoch_eval512_8gpu.yaml	snapshots/mechanistic-diagnosis-experiments/configs/stage1/detection_teacher_forcing/ablation/instance_enum_v1a_loss_only_sorted_sft_ce_cont_random_pure_sft_freeze_vitblocks_1epoch_eval512_8gpu.yaml	1ca98a5fe8a0957271499bf0fa77b3e87927bcefd1afb4fb8d0ebdd63867a2ef	2716
mechanistic-diagnosis-experiments	codex/mechanistic-diagnosis-experiments	9d66860749	A	missing_on_main_same_path	configs/stage1/detection_teacher_forcing/ablation/instance_enum_v1a_loss_only_sorted_sft_ce_cont_random_pure_sft_freeze_vitblocks_8gpu_smoke.yaml	snapshots/mechanistic-diagnosis-experiments/configs/stage1/detection_teacher_forcing/ablation/instance_enum_v1a_loss_only_sorted_sft_ce_cont_random_pure_sft_freeze_vitblocks_8gpu_smoke.yaml	38c8a5a43ad1b15b62f0050873af78a309561adbf521927268eb0631f5c0e99c	730
mechanistic-diagnosis-experiments	codex/mechanistic-diagnosis-experiments	9d66860749	A	missing_on_main_same_path	configs/stage1/detection_teacher_forcing/ablation/instance_enum_v1a_loss_only_sorted_smoke.yaml	snapshots/mechanistic-diagnosis-experiments/configs/stage1/detection_teacher_forcing/ablation/instance_enum_v1a_loss_only_sorted_smoke.yaml	b4fbcbd6fce90fb9bf68a8abb2e25763109f95d9048b96bcad766a621abb3cf2	669
mechanistic-diagnosis-experiments	codex/mechanistic-diagnosis-experiments	9d66860749	A	missing_on_main_same_path	configs/stage1/detection_teacher_forcing/ablation/no_visual_coverage_random_sft_ce_cont_from_random_pure_sft_freeze_vitblocks_1epoch_eval512_8gpu.yaml	snapshots/mechanistic-diagnosis-experiments/configs/stage1/detection_teacher_forcing/ablation/no_visual_coverage_random_sft_ce_cont_from_random_pure_sft_freeze_vitblocks_1epoch_eval512_8gpu.yaml	8786d7aead4d0066401ec0e3845f45fcdb6740908fd1855fd8257c0599d8d451	637
mechanistic-diagnosis-experiments	codex/mechanistic-diagnosis-experiments	9d66860749	A	missing_on_main_same_path	configs/stage1/detection_teacher_forcing/ablation/pixel_painted_row_coverage_random_sft_ce_cont_from_random_pure_sft_all_layers_1epoch_eval512_8gpu.yaml	snapshots/mechanistic-diagnosis-experiments/configs/stage1/detection_teacher_forcing/ablation/pixel_painted_row_coverage_random_sft_ce_cont_from_random_pure_sft_all_layers_1epoch_eval512_8gpu.yaml	0080ae76ecb5ec8e979b37b3adfbcbe94ed9f471b707e17e72a9994fc2571fb9	1223
mechanistic-diagnosis-experiments	codex/mechanistic-diagnosis-experiments	9d66860749	A	missing_on_main_same_path	configs/stage1/detection_teacher_forcing/ablation/pixel_painted_row_coverage_random_sft_smoke.yaml	snapshots/mechanistic-diagnosis-experiments/configs/stage1/detection_teacher_forcing/ablation/pixel_painted_row_coverage_random_sft_smoke.yaml	a5cd772cbe3f0464078d2eed52d4ed00b6483acfbe0e93f7c8b7d8a18ed1c811	768
mechanistic-diagnosis-experiments	codex/mechanistic-diagnosis-experiments	9d66860749	A	missing_on_main_same_path	configs/stage1/detection_teacher_forcing/ablation/row_coverage_random_sft_ce_cont_from_random_pure_sft_1epoch_eval512_8gpu.yaml	snapshots/mechanistic-diagnosis-experiments/configs/stage1/detection_teacher_forcing/ablation/row_coverage_random_sft_ce_cont_from_random_pure_sft_1epoch_eval512_8gpu.yaml	74ab52310e20b21841a0257cccd3f5f245d68be563402dc45ef45cf604598a71	2945
mechanistic-diagnosis-experiments	codex/mechanistic-diagnosis-experiments	9d66860749	A	missing_on_main_same_path	configs/stage1/detection_teacher_forcing/ablation/row_coverage_random_sft_ce_cont_from_random_pure_sft_8gpu_preflight.yaml	snapshots/mechanistic-diagnosis-experiments/configs/stage1/detection_teacher_forcing/ablation/row_coverage_random_sft_ce_cont_from_random_pure_sft_8gpu_preflight.yaml	2c675e94c923b2393cf59f0fc9c4d0e4dac01bb4b7d2f224dc3adb42637cff58	579
mechanistic-diagnosis-experiments	codex/mechanistic-diagnosis-experiments	9d66860749	A	missing_on_main_same_path	configs/stage1/detection_teacher_forcing/ablation/row_coverage_random_sft_ce_cont_from_random_pure_sft_all_layers_1gpu_debug.yaml	snapshots/mechanistic-diagnosis-experiments/configs/stage1/detection_teacher_forcing/ablation/row_coverage_random_sft_ce_cont_from_random_pure_sft_all_layers_1gpu_debug.yaml	f07b1404ab9c34f6a95a4b17cbc5c1758b498bd1428c64bf521c192414d07f6c	573
mechanistic-diagnosis-experiments	codex/mechanistic-diagnosis-experiments	9d66860749	A	missing_on_main_same_path	configs/stage1/detection_teacher_forcing/ablation/row_coverage_random_sft_ce_cont_from_random_pure_sft_all_layers_1gpu_loss_trend.yaml	snapshots/mechanistic-diagnosis-experiments/configs/stage1/detection_teacher_forcing/ablation/row_coverage_random_sft_ce_cont_from_random_pure_sft_all_layers_1gpu_loss_trend.yaml	9264033f8394ba12f831fb10aacf1e421996a440d0d122e36a4fbb223d0c123c	470
mechanistic-diagnosis-experiments	codex/mechanistic-diagnosis-experiments	9d66860749	A	missing_on_main_same_path	configs/stage1/detection_teacher_forcing/ablation/row_coverage_random_sft_ce_cont_from_random_pure_sft_all_layers_8gpu_smoke.yaml	snapshots/mechanistic-diagnosis-experiments/configs/stage1/detection_teacher_forcing/ablation/row_coverage_random_sft_ce_cont_from_random_pure_sft_all_layers_8gpu_smoke.yaml	d004a84b284a9b3daab9a1173e9746776ab761eaaacee5e49c0a9f901d7bcf8d	571
mechanistic-diagnosis-experiments	codex/mechanistic-diagnosis-experiments	9d66860749	A	missing_on_main_same_path	configs/stage1/detection_teacher_forcing/ablation/row_coverage_random_sft_ce_cont_from_random_pure_sft_freeze_vitblocks_1epoch_eval512_8gpu.yaml	snapshots/mechanistic-diagnosis-experiments/configs/stage1/detection_teacher_forcing/ablation/row_coverage_random_sft_ce_cont_from_random_pure_sft_freeze_vitblocks_1epoch_eval512_8gpu.yaml	5cb5fd53a6e65654a6ab8b9f00864f7a19c45679fcf035f8911c189e57fc2951	817
mechanistic-diagnosis-experiments	codex/mechanistic-diagnosis-experiments	9d66860749	A	missing_on_main_same_path	configs/stage1/detection_teacher_forcing/ablation/row_coverage_random_sft_smoke.yaml	snapshots/mechanistic-diagnosis-experiments/configs/stage1/detection_teacher_forcing/ablation/row_coverage_random_sft_smoke.yaml	9d8e27b2767b0c1b102667ac7dffa9086a23b099b4562dd1a4736758caada89b	538
mechanistic-diagnosis-experiments	codex/mechanistic-diagnosis-experiments	9d66860749	A	missing_on_main_same_path	configs/stage1/detection_teacher_forcing/ablation/row_coverage_sorted_sft_smoke.yaml	snapshots/mechanistic-diagnosis-experiments/configs/stage1/detection_teacher_forcing/ablation/row_coverage_sorted_sft_smoke.yaml	7fc02322ffc050b607138dcfdbbae601173921817bf2a3329687ca94bc2b3de6	526
mechanistic-diagnosis-experiments	codex/mechanistic-diagnosis-experiments	9d66860749	A	missing_on_main_same_path	configs/stage1/detection_teacher_forcing/ablation/row_state_sft_zero_visual_residual_random_sft_ce_cont_from_random_pure_sft_freeze_vitblocks_1epoch_eval512_8gpu.yaml	snapshots/mechanistic-diagnosis-experiments/configs/stage1/detection_teacher_forcing/ablation/row_state_sft_zero_visual_residual_random_sft_ce_cont_from_random_pure_sft_freeze_vitblocks_1epoch_eval512_8gpu.yaml	5e627694ce8c414d1011de0696f5f2346ef01498d32e010ee04a0a770c057155	719
mechanistic-diagnosis-experiments	codex/mechanistic-diagnosis-experiments	9d66860749	M	missing_on_main_same_path	configs/stage1/detection_teacher_forcing/prod/compact_full_support2.yaml	snapshots/mechanistic-diagnosis-experiments/configs/stage1/detection_teacher_forcing/prod/compact_full_support2.yaml	30c58c16888287a28b340f09e78532a02a573c16b2d81224c23bf2f860f1cbf2	3497
mechanistic-diagnosis-experiments	codex/mechanistic-diagnosis-experiments	9d66860749	A	missing_on_main_same_path	configs/stage1/recursive_detection_ce_latest/ablation/standard_random_sft_ce_cont_from_ckpt3668_freeze_vitblocks_1epoch_eval512_len12000_8gpu.yaml	snapshots/mechanistic-diagnosis-experiments/configs/stage1/recursive_detection_ce_latest/ablation/standard_random_sft_ce_cont_from_ckpt3668_freeze_vitblocks_1epoch_eval512_len12000_8gpu.yaml	effe85fe3b78a08acc9c507a8127f485dac18ab7f2c127b6ce8ed67aeaa88b9a	4642
mechanistic-diagnosis-experiments	codex/mechanistic-diagnosis-experiments	9d66860749	M	different_on_main_same_path	configs/stage2/rollout_correction/base.yaml	snapshots/mechanistic-diagnosis-experiments/configs/stage2/rollout_correction/base.yaml	2fa5ae4a89b2ea5f1d67cf59cc850397edf9d22d27465d18d1dc2bc0dfc1c278	4227
mechanistic-diagnosis-experiments	codex/mechanistic-diagnosis-experiments	9d66860749	M	different_on_main_same_path	configs/stage2/rollout_correction/smoke/compact_full_hf_1step.yaml	snapshots/mechanistic-diagnosis-experiments/configs/stage2/rollout_correction/smoke/compact_full_hf_1step.yaml	4021dee3cd05a144c024af4238390930a56c0f7fa9a53cd50fb17c7b3bbf7d58	2985
mechanistic-diagnosis-experiments	codex/mechanistic-diagnosis-experiments	9d66860749	M	different_on_main_same_path	configs/stage2/rollout_correction/smoke/compact_full_vllm_train64_val32_12steps_baseline.yaml	snapshots/mechanistic-diagnosis-experiments/configs/stage2/rollout_correction/smoke/compact_full_vllm_train64_val32_12steps_baseline.yaml	448fb50fa9c2aaa6881320e73992f63d40a04a51863339b32b0262a9dc59f6a9	4215
mechanistic-diagnosis-experiments	codex/mechanistic-diagnosis-experiments	9d66860749	M	different_on_main_same_path	docs/ARTIFACTS.md	snapshots/mechanistic-diagnosis-experiments/docs/ARTIFACTS.md	9ef2a0e6d2e2825bdfd3a35cb777600f21fe3288201b0d3cad7b57c8faee5d0a	29474
mechanistic-diagnosis-experiments	codex/mechanistic-diagnosis-experiments	9d66860749	A	missing_on_main_same_path	docs/superpowers/plans/2026-06-05-row-conditioned-visual-coverage-prototype.md	snapshots/mechanistic-diagnosis-experiments/docs/superpowers/plans/2026-06-05-row-conditioned-visual-coverage-prototype.md	e78e3dc1d4e3f8ad5352793e2cf21d0e359bc4d039cb929ce0e7266cc32521eb	91648
mechanistic-diagnosis-experiments	codex/mechanistic-diagnosis-experiments	9d66860749	A	missing_on_main_same_path	docs/superpowers/plans/2026-06-08-loss-only-instance-enumeration-v1a.md	snapshots/mechanistic-diagnosis-experiments/docs/superpowers/plans/2026-06-08-loss-only-instance-enumeration-v1a.md	9ac8c7a0f1bcde47ac97c43f75c356800dea991a128adb373dec6def1c3ea855	59070
mechanistic-diagnosis-experiments	codex/mechanistic-diagnosis-experiments	9d66860749	A	missing_on_main_same_path	docs/superpowers/plans/2026-06-08-pixel-painted-row-coverage.md	snapshots/mechanistic-diagnosis-experiments/docs/superpowers/plans/2026-06-08-pixel-painted-row-coverage.md	3a3e526a1f46fd936ae809ebd1942d8cb0f22aa5099ef099fa63bdad9f733b2d	19617
mechanistic-diagnosis-experiments	codex/mechanistic-diagnosis-experiments	9d66860749	A	missing_on_main_same_path	docs/superpowers/plans/2026-06-10-autoregressive-duplication-mechanism-roadmap.md	snapshots/mechanistic-diagnosis-experiments/docs/superpowers/plans/2026-06-10-autoregressive-duplication-mechanism-roadmap.md	72d38547eb878efa2a0bc1400bec53b614a449ccf9d6e3e67f9021ee84ff6bcb	24658
mechanistic-diagnosis-experiments	codex/mechanistic-diagnosis-experiments	9d66860749	A	missing_on_main_same_path	docs/superpowers/specs/2026-06-05-row-conditioned-visual-coverage-design.md	snapshots/mechanistic-diagnosis-experiments/docs/superpowers/specs/2026-06-05-row-conditioned-visual-coverage-design.md	7f68f787b2d5662547542609db50ec72510ec2ee5d6d50656a622429e1ffe9ff	13838
mechanistic-diagnosis-experiments	codex/mechanistic-diagnosis-experiments	9d66860749	A	missing_on_main_same_path	docs/superpowers/specs/2026-06-05-row-conditioned-visual-coverage-protocol.md	snapshots/mechanistic-diagnosis-experiments/docs/superpowers/specs/2026-06-05-row-conditioned-visual-coverage-protocol.md	62aac6dd1bf03b7df33b0046fd4360627aad06d8be4d9f97e94c6dfe1a6a94d4	22287
mechanistic-diagnosis-experiments	codex/mechanistic-diagnosis-experiments	9d66860749	A	missing_on_main_same_path	docs/superpowers/specs/2026-06-08-loss-only-instance-enumeration-design.md	snapshots/mechanistic-diagnosis-experiments/docs/superpowers/specs/2026-06-08-loss-only-instance-enumeration-design.md	ec1527f3f4e0ad216cc4c4bac43dfe1c5aaa7877156652f87eaa883ab8f7c07a	69310
mechanistic-diagnosis-experiments	codex/mechanistic-diagnosis-experiments	9d66860749	A	missing_on_main_same_path	docs/superpowers/specs/2026-06-08-pixel-painted-row-coverage-design.md	snapshots/mechanistic-diagnosis-experiments/docs/superpowers/specs/2026-06-08-pixel-painted-row-coverage-design.md	316bebced7cf5c55c6a27b3076ffbe0f22e658c4ee892607557325a6a31b228c	11113
mechanistic-diagnosis-experiments	codex/mechanistic-diagnosis-experiments	9d66860749	M	different_on_main_same_path	docs/training/STAGE2_RUNBOOK.md	snapshots/mechanistic-diagnosis-experiments/docs/training/STAGE2_RUNBOOK.md	51a0975c8cbd5bffb1df8a4b06603d12d55a73f4d17e9bfec735ce9ce0a67b4d	23535
mechanistic-diagnosis-experiments	codex/mechanistic-diagnosis-experiments	9d66860749	A	same_on_main_same_path	progress/diagnostics/2026-06-12_autoregressive_duplication_causal_chain_synthesis.md		10700efa27a4761d6ef2e72934d961b40f4ae91fc980814fdc72e2cebf7bb72a	80522
mechanistic-diagnosis-experiments	codex/mechanistic-diagnosis-experiments	9d66860749	A	same_on_main_same_path	progress/diagnostics/2026-06-12_diagnostics_consolidation_summary.md		471715e645f1a2b057348a87fd4e821cff430c255ac0fc8bdde44c24a6283218	12414
mechanistic-diagnosis-experiments	codex/mechanistic-diagnosis-experiments	9d66860749	A	same_on_main_same_path	progress/diagnostics/2026-06-12_fn_guidance_and_coord_basin_synthesis.md		8d0912dda88ab2fb2bf57cf6dfd4cefa0efe2a479bc7330fe250142a32570d4c	23785
mechanistic-diagnosis-experiments	codex/mechanistic-diagnosis-experiments	9d66860749	A	same_on_main_same_path	progress/diagnostics/2026-06-12_pre_onset_duplication_precursor_synthesis.md		c15c6f8b5712254de3f298838fefdcb3d4894fb8771b1d8089576bc86d3b9e0b	21346
mechanistic-diagnosis-experiments	codex/mechanistic-diagnosis-experiments	9d66860749	M	different_on_main_same_path	progress/diagnostics/README.md	snapshots/mechanistic-diagnosis-experiments/progress/diagnostics/README.md	adb8bb80e4bbcabd12c9b7a9f0f5b2dd27395ade8ca519d209f873edc4edabcf	11065
mechanistic-diagnosis-experiments	codex/mechanistic-diagnosis-experiments	9d66860749	A	same_on_main_same_path	progress/directions/2026-06-05_row_conditioned_visual_coverage.md		7fd6f8ee7201c84b6c1ee7de32b318ae823030f71f9b6ccffec5dc1dc431dfe1	33084
mechanistic-diagnosis-experiments	codex/mechanistic-diagnosis-experiments	9d66860749	A	different_on_main_same_path	progress/directions/2026-06-07_segment_aware_packing_infra.md	snapshots/mechanistic-diagnosis-experiments/progress/directions/2026-06-07_segment_aware_packing_infra.md	02a9b448c136a183f3ad16eb2f3011f22db84bce95887b49dbc959050e09b37e	34568
mechanistic-diagnosis-experiments	codex/mechanistic-diagnosis-experiments	9d66860749	M	different_on_main_same_path	progress/directions/README.md	snapshots/mechanistic-diagnosis-experiments/progress/directions/README.md	cb61575ebdaa94dd852ceced9a6bfc31c6993b99abb40394ca511a9196afd93e	2538
mechanistic-diagnosis-experiments	codex/mechanistic-diagnosis-experiments	9d66860749	M	different_on_main_same_path	progress/index.yaml	snapshots/mechanistic-diagnosis-experiments/progress/index.yaml	7a1c7f5d44478b5c8eff79348bf0020ab105d2b6e19e7dfab2c7acbf91cda0c4	18488
row-conditioned-visual-coverage	codex/row-conditioned-visual-coverage	1629d7fd8e	M	different_on_main_same_path	configs/analysis/post_x1_instance_basin_tomography/five_ckpt_policy_objective_ckpt3668_phase_a3_3.yaml	snapshots/row-conditioned-visual-coverage/configs/analysis/post_x1_instance_basin_tomography/five_ckpt_policy_objective_ckpt3668_phase_a3_3.yaml	e80ca610c7316bb74e27c9a77e824ba68828dbab13be546c4af63f93e04f9c89	5608
row-conditioned-visual-coverage	codex/row-conditioned-visual-coverage	1629d7fd8e	M	different_on_main_same_path	configs/analysis/post_x1_instance_basin_tomography/five_ckpt_policy_objective_ckpt3668_phase_a3_3_smoke.yaml	snapshots/row-conditioned-visual-coverage/configs/analysis/post_x1_instance_basin_tomography/five_ckpt_policy_objective_ckpt3668_phase_a3_3_smoke.yaml	27e9d6df01198b7c22d6c6764713eb9a768fcb1fc1633308c25251d8cf8ce74e	5612
row-conditioned-visual-coverage	codex/row-conditioned-visual-coverage	1629d7fd8e	A	missing_on_main_same_path	configs/analysis/row_conditioned_visual_coverage/embedding_paint_rollout_ckpt2000_val64.yaml	snapshots/row-conditioned-visual-coverage/configs/analysis/row_conditioned_visual_coverage/embedding_paint_rollout_ckpt2000_val64.yaml	857695fb9302d6ffd6a64ea3dbb9246aa73d2f1979087e7a7dac96e05b57e454	1171
row-conditioned-visual-coverage	codex/row-conditioned-visual-coverage	1629d7fd8e	A	missing_on_main_same_path	configs/analysis/row_conditioned_visual_coverage/rollout_smoke.yaml	snapshots/row-conditioned-visual-coverage/configs/analysis/row_conditioned_visual_coverage/rollout_smoke.yaml	6b7974b44a4ca2209bcc6efc57a80baa003e8248b387478192cdd4f8c328fabd	2271
row-conditioned-visual-coverage	codex/row-conditioned-visual-coverage	1629d7fd8e	M	different_on_main_same_path	configs/infer/recursive_detection_ce/a5_instance_trie_gaussian_ckpt3664_val200_bsz4_rep1p10_max3084_chatfix_1gpu.yaml	snapshots/row-conditioned-visual-coverage/configs/infer/recursive_detection_ce/a5_instance_trie_gaussian_ckpt3664_val200_bsz4_rep1p10_max3084_chatfix_1gpu.yaml	384a14a9878b3ea760a8d4a81e6d934b46d0807c8fe968d377dac0f7b82326c5	2110
row-conditioned-visual-coverage	codex/row-conditioned-visual-coverage	1629d7fd8e	M	different_on_main_same_path	configs/infer/recursive_detection_ce/a6_ce_gaussian_mix0p2_ckpt3664_val200_bsz4_rep1p10_max3084_chatfix_1gpu.yaml	snapshots/row-conditioned-visual-coverage/configs/infer/recursive_detection_ce/a6_ce_gaussian_mix0p2_ckpt3664_val200_bsz4_rep1p10_max3084_chatfix_1gpu.yaml	5567b08ab0034c7cfe50a4394c8ccf042a7ef2fdd4726d449b5fa7bf34ba25d9	2082
row-conditioned-visual-coverage	codex/row-conditioned-visual-coverage	1629d7fd8e	M	different_on_main_same_path	configs/infer/recursive_detection_ce/compact_full_random_sft_bsz1_accum16_ckpt3664_val200_bsz4_rep1p10_max3084_chatfix_8gpu.yaml	snapshots/row-conditioned-visual-coverage/configs/infer/recursive_detection_ce/compact_full_random_sft_bsz1_accum16_ckpt3664_val200_bsz4_rep1p10_max3084_chatfix_8gpu.yaml	e627bb403257e74d14277de0a6f03ec9e9a8c5e39d12e220eb12d4758214004c	2150
row-conditioned-visual-coverage	codex/row-conditioned-visual-coverage	1629d7fd8e	M	different_on_main_same_path	configs/infer/recursive_detection_ce/compact_full_random_sft_ckpt2200_val200_bsz4_rep1p10_max3084_chatfix.yaml	snapshots/row-conditioned-visual-coverage/configs/infer/recursive_detection_ce/compact_full_random_sft_ckpt2200_val200_bsz4_rep1p10_max3084_chatfix.yaml	9e49ae80f625cd94f549e3cd9dc024f6d37819325f280133761babf0bc43b333	2083
row-conditioned-visual-coverage	codex/row-conditioned-visual-coverage	1629d7fd8e	M	different_on_main_same_path	configs/infer/recursive_detection_ce/compact_full_random_sft_ckpt2200_val200_bsz8_rep1p10.yaml	snapshots/row-conditioned-visual-coverage/configs/infer/recursive_detection_ce/compact_full_random_sft_ckpt2200_val200_bsz8_rep1p10.yaml	dedd28476bac919c92a017b576af3cae91b4b0b5fe657dcff7e5e0c7a21fac00	1903
row-conditioned-visual-coverage	codex/row-conditioned-visual-coverage	1629d7fd8e	M	different_on_main_same_path	configs/infer/recursive_detection_ce/compact_full_random_sft_ckpt2200_val200_bsz8_rep1p10_max3084_chatfix.yaml	snapshots/row-conditioned-visual-coverage/configs/infer/recursive_detection_ce/compact_full_random_sft_ckpt2200_val200_bsz8_rep1p10_max3084_chatfix.yaml	4f44bfae49e4697c65e0d1efaff4276f6f0ef958702e2183dee4aba6c4a64198	2013
row-conditioned-visual-coverage	codex/row-conditioned-visual-coverage	1629d7fd8e	M	different_on_main_same_path	configs/infer/recursive_detection_ce/compact_full_support2_ckpt3600_preflight8_bsz8.yaml	snapshots/row-conditioned-visual-coverage/configs/infer/recursive_detection_ce/compact_full_support2_ckpt3600_preflight8_bsz8.yaml	ade6211b94106dbd5cbe6171576a4faedc4071ee0bfada63acaedf07849db7db	1526
row-conditioned-visual-coverage	codex/row-conditioned-visual-coverage	1629d7fd8e	M	different_on_main_same_path	configs/infer/recursive_detection_ce/compact_full_support2_ckpt3600_val200_bsz8.yaml	snapshots/row-conditioned-visual-coverage/configs/infer/recursive_detection_ce/compact_full_support2_ckpt3600_val200_bsz8.yaml	ffd13cfd4448d78a05c6869475ebf45839bd6a0a01bdecf2333f299a3bacf147	1804
row-conditioned-visual-coverage	codex/row-conditioned-visual-coverage	1629d7fd8e	M	different_on_main_same_path	configs/infer/recursive_detection_ce/compact_full_support2_tokenrows_v2_ckpt3664_smoke2_hf.yaml	snapshots/row-conditioned-visual-coverage/configs/infer/recursive_detection_ce/compact_full_support2_tokenrows_v2_ckpt3664_smoke2_hf.yaml	ee62ff703a0c2fbb281f7430cde0d28889ad3707810e84000cab76d29b766f92	1798
row-conditioned-visual-coverage	codex/row-conditioned-visual-coverage	1629d7fd8e	M	different_on_main_same_path	configs/infer/recursive_detection_ce/compact_full_support2_tokenrows_v2_ckpt3664_val200_bsz8.yaml	snapshots/row-conditioned-visual-coverage/configs/infer/recursive_detection_ce/compact_full_support2_tokenrows_v2_ckpt3664_val200_bsz8.yaml	df8653ba8ff1c66d2b92a00047c46fa747d9fcb46524533e824faf89b0e1f9bd	1850
row-conditioned-visual-coverage	codex/row-conditioned-visual-coverage	1629d7fd8e	M	different_on_main_same_path	configs/infer/recursive_detection_ce/compact_full_support2_tokenrows_v2_ckpt3664_val200_bsz8_rep1p00.yaml	snapshots/row-conditioned-visual-coverage/configs/infer/recursive_detection_ce/compact_full_support2_tokenrows_v2_ckpt3664_val200_bsz8_rep1p00.yaml	7228739de79ad3ecd9afd671eb6ee2c00c5de7fa703c8b4e4ed9a03c83257126	1914
row-conditioned-visual-coverage	codex/row-conditioned-visual-coverage	1629d7fd8e	M	different_on_main_same_path	configs/infer/recursive_detection_ce/compact_full_support2_tokenrows_v2_ckpt3664_val200_bsz8_rep1p10.yaml	snapshots/row-conditioned-visual-coverage/configs/infer/recursive_detection_ce/compact_full_support2_tokenrows_v2_ckpt3664_val200_bsz8_rep1p10.yaml	514489d00664b69abd84173f903a404e0e8be0ee62f743f4fa417d800ab48833	1921
row-conditioned-visual-coverage	codex/row-conditioned-visual-coverage	1629d7fd8e	M	different_on_main_same_path	configs/infer/recursive_detection_ce/compact_full_support2_tokenrows_v2_ckpt3664_val200_bsz8_rep1p10_max3084_chatfix.yaml	snapshots/row-conditioned-visual-coverage/configs/infer/recursive_detection_ce/compact_full_support2_tokenrows_v2_ckpt3664_val200_bsz8_rep1p10_max3084_chatfix.yaml	59898b672122bc8a030a69fdfe0ef35dd4850e947bc5a1dc7ac26cfe873f68cb	2059
row-conditioned-visual-coverage	codex/row-conditioned-visual-coverage	1629d7fd8e	M	different_on_main_same_path	configs/infer/recursive_detection_ce/compact_full_support2_tokenrows_v2_ckpt3664_val200_bsz8_rep1p10_prompt_offset_fix.yaml	snapshots/row-conditioned-visual-coverage/configs/infer/recursive_detection_ce/compact_full_support2_tokenrows_v2_ckpt3664_val200_bsz8_rep1p10_prompt_offset_fix.yaml	92a820772516acbf85edf2260a3b578fbd89f9b05f1a86396db66cbd8212d319	2063
row-conditioned-visual-coverage	codex/row-conditioned-visual-coverage	1629d7fd8e	M	different_on_main_same_path	configs/stage1/detection_teacher_forcing/README.md	snapshots/row-conditioned-visual-coverage/configs/stage1/detection_teacher_forcing/README.md	f5f9e246c6c94820e69b321f265268c7224f1c04589783524182225156eae685	803
row-conditioned-visual-coverage	codex/row-conditioned-visual-coverage	1629d7fd8e	A	missing_on_main_same_path	configs/stage1/detection_teacher_forcing/ablation/no_visual_coverage_random_sft_ce_cont_from_random_pure_sft_freeze_vitblocks_1epoch_eval512_8gpu.yaml	snapshots/row-conditioned-visual-coverage/configs/stage1/detection_teacher_forcing/ablation/no_visual_coverage_random_sft_ce_cont_from_random_pure_sft_freeze_vitblocks_1epoch_eval512_8gpu.yaml	8786d7aead4d0066401ec0e3845f45fcdb6740908fd1855fd8257c0599d8d451	637
row-conditioned-visual-coverage	codex/row-conditioned-visual-coverage	1629d7fd8e	A	missing_on_main_same_path	configs/stage1/detection_teacher_forcing/ablation/pixel_painted_row_coverage_random_sft_ce_cont_from_random_pure_sft_all_layers_1epoch_eval512_8gpu.yaml	snapshots/row-conditioned-visual-coverage/configs/stage1/detection_teacher_forcing/ablation/pixel_painted_row_coverage_random_sft_ce_cont_from_random_pure_sft_all_layers_1epoch_eval512_8gpu.yaml	0080ae76ecb5ec8e979b37b3adfbcbe94ed9f471b707e17e72a9994fc2571fb9	1223
row-conditioned-visual-coverage	codex/row-conditioned-visual-coverage	1629d7fd8e	A	missing_on_main_same_path	configs/stage1/detection_teacher_forcing/ablation/pixel_painted_row_coverage_random_sft_smoke.yaml	snapshots/row-conditioned-visual-coverage/configs/stage1/detection_teacher_forcing/ablation/pixel_painted_row_coverage_random_sft_smoke.yaml	a5cd772cbe3f0464078d2eed52d4ed00b6483acfbe0e93f7c8b7d8a18ed1c811	768
row-conditioned-visual-coverage	codex/row-conditioned-visual-coverage	1629d7fd8e	A	missing_on_main_same_path	configs/stage1/detection_teacher_forcing/ablation/row_coverage_random_sft_ce_cont_from_random_pure_sft_1epoch_eval512_8gpu.yaml	snapshots/row-conditioned-visual-coverage/configs/stage1/detection_teacher_forcing/ablation/row_coverage_random_sft_ce_cont_from_random_pure_sft_1epoch_eval512_8gpu.yaml	74ab52310e20b21841a0257cccd3f5f245d68be563402dc45ef45cf604598a71	2945
row-conditioned-visual-coverage	codex/row-conditioned-visual-coverage	1629d7fd8e	A	missing_on_main_same_path	configs/stage1/detection_teacher_forcing/ablation/row_coverage_random_sft_ce_cont_from_random_pure_sft_8gpu_preflight.yaml	snapshots/row-conditioned-visual-coverage/configs/stage1/detection_teacher_forcing/ablation/row_coverage_random_sft_ce_cont_from_random_pure_sft_8gpu_preflight.yaml	2c675e94c923b2393cf59f0fc9c4d0e4dac01bb4b7d2f224dc3adb42637cff58	579
row-conditioned-visual-coverage	codex/row-conditioned-visual-coverage	1629d7fd8e	A	missing_on_main_same_path	configs/stage1/detection_teacher_forcing/ablation/row_coverage_random_sft_ce_cont_from_random_pure_sft_all_layers_1gpu_debug.yaml	snapshots/row-conditioned-visual-coverage/configs/stage1/detection_teacher_forcing/ablation/row_coverage_random_sft_ce_cont_from_random_pure_sft_all_layers_1gpu_debug.yaml	f07b1404ab9c34f6a95a4b17cbc5c1758b498bd1428c64bf521c192414d07f6c	573
row-conditioned-visual-coverage	codex/row-conditioned-visual-coverage	1629d7fd8e	A	missing_on_main_same_path	configs/stage1/detection_teacher_forcing/ablation/row_coverage_random_sft_ce_cont_from_random_pure_sft_all_layers_1gpu_loss_trend.yaml	snapshots/row-conditioned-visual-coverage/configs/stage1/detection_teacher_forcing/ablation/row_coverage_random_sft_ce_cont_from_random_pure_sft_all_layers_1gpu_loss_trend.yaml	9264033f8394ba12f831fb10aacf1e421996a440d0d122e36a4fbb223d0c123c	470
row-conditioned-visual-coverage	codex/row-conditioned-visual-coverage	1629d7fd8e	A	missing_on_main_same_path	configs/stage1/detection_teacher_forcing/ablation/row_coverage_random_sft_ce_cont_from_random_pure_sft_all_layers_8gpu_smoke.yaml	snapshots/row-conditioned-visual-coverage/configs/stage1/detection_teacher_forcing/ablation/row_coverage_random_sft_ce_cont_from_random_pure_sft_all_layers_8gpu_smoke.yaml	d004a84b284a9b3daab9a1173e9746776ab761eaaacee5e49c0a9f901d7bcf8d	571
row-conditioned-visual-coverage	codex/row-conditioned-visual-coverage	1629d7fd8e	A	missing_on_main_same_path	configs/stage1/detection_teacher_forcing/ablation/row_coverage_random_sft_ce_cont_from_random_pure_sft_freeze_vitblocks_1epoch_eval512_8gpu.yaml	snapshots/row-conditioned-visual-coverage/configs/stage1/detection_teacher_forcing/ablation/row_coverage_random_sft_ce_cont_from_random_pure_sft_freeze_vitblocks_1epoch_eval512_8gpu.yaml	5cb5fd53a6e65654a6ab8b9f00864f7a19c45679fcf035f8911c189e57fc2951	817
row-conditioned-visual-coverage	codex/row-conditioned-visual-coverage	1629d7fd8e	A	missing_on_main_same_path	configs/stage1/detection_teacher_forcing/ablation/row_coverage_random_sft_smoke.yaml	snapshots/row-conditioned-visual-coverage/configs/stage1/detection_teacher_forcing/ablation/row_coverage_random_sft_smoke.yaml	9d8e27b2767b0c1b102667ac7dffa9086a23b099b4562dd1a4736758caada89b	538
row-conditioned-visual-coverage	codex/row-conditioned-visual-coverage	1629d7fd8e	A	missing_on_main_same_path	configs/stage1/detection_teacher_forcing/ablation/row_coverage_sorted_sft_smoke.yaml	snapshots/row-conditioned-visual-coverage/configs/stage1/detection_teacher_forcing/ablation/row_coverage_sorted_sft_smoke.yaml	7fc02322ffc050b607138dcfdbbae601173921817bf2a3329687ca94bc2b3de6	526
row-conditioned-visual-coverage	codex/row-conditioned-visual-coverage	1629d7fd8e	A	missing_on_main_same_path	configs/stage1/detection_teacher_forcing/ablation/row_state_sft_zero_visual_residual_random_sft_ce_cont_from_random_pure_sft_freeze_vitblocks_1epoch_eval512_8gpu.yaml	snapshots/row-conditioned-visual-coverage/configs/stage1/detection_teacher_forcing/ablation/row_state_sft_zero_visual_residual_random_sft_ce_cont_from_random_pure_sft_freeze_vitblocks_1epoch_eval512_8gpu.yaml	5e627694ce8c414d1011de0696f5f2346ef01498d32e010ee04a0a770c057155	719
row-conditioned-visual-coverage	codex/row-conditioned-visual-coverage	1629d7fd8e	M	missing_on_main_same_path	configs/stage1/detection_teacher_forcing/prod/compact_full_support2.yaml	snapshots/row-conditioned-visual-coverage/configs/stage1/detection_teacher_forcing/prod/compact_full_support2.yaml	30c58c16888287a28b340f09e78532a02a573c16b2d81224c23bf2f860f1cbf2	3497
row-conditioned-visual-coverage	codex/row-conditioned-visual-coverage	1629d7fd8e	A	missing_on_main_same_path	configs/stage1/recursive_detection_ce_latest/ablation/standard_random_sft_ce_cont_from_ckpt3668_freeze_vitblocks_1epoch_eval512_len12000_8gpu.yaml	snapshots/row-conditioned-visual-coverage/configs/stage1/recursive_detection_ce_latest/ablation/standard_random_sft_ce_cont_from_ckpt3668_freeze_vitblocks_1epoch_eval512_len12000_8gpu.yaml	effe85fe3b78a08acc9c507a8127f485dac18ab7f2c127b6ce8ed67aeaa88b9a	4642
row-conditioned-visual-coverage	codex/row-conditioned-visual-coverage	1629d7fd8e	M	different_on_main_same_path	configs/stage2/rollout_correction/base.yaml	snapshots/row-conditioned-visual-coverage/configs/stage2/rollout_correction/base.yaml	2fa5ae4a89b2ea5f1d67cf59cc850397edf9d22d27465d18d1dc2bc0dfc1c278	4227
row-conditioned-visual-coverage	codex/row-conditioned-visual-coverage	1629d7fd8e	M	different_on_main_same_path	configs/stage2/rollout_correction/smoke/compact_full_hf_1step.yaml	snapshots/row-conditioned-visual-coverage/configs/stage2/rollout_correction/smoke/compact_full_hf_1step.yaml	4021dee3cd05a144c024af4238390930a56c0f7fa9a53cd50fb17c7b3bbf7d58	2985
row-conditioned-visual-coverage	codex/row-conditioned-visual-coverage	1629d7fd8e	M	different_on_main_same_path	configs/stage2/rollout_correction/smoke/compact_full_vllm_train64_val32_12steps_baseline.yaml	snapshots/row-conditioned-visual-coverage/configs/stage2/rollout_correction/smoke/compact_full_vllm_train64_val32_12steps_baseline.yaml	448fb50fa9c2aaa6881320e73992f63d40a04a51863339b32b0262a9dc59f6a9	4215
row-conditioned-visual-coverage	codex/row-conditioned-visual-coverage	1629d7fd8e	M	different_on_main_same_path	docs/ARTIFACTS.md	snapshots/row-conditioned-visual-coverage/docs/ARTIFACTS.md	9ef2a0e6d2e2825bdfd3a35cb777600f21fe3288201b0d3cad7b57c8faee5d0a	29474
row-conditioned-visual-coverage	codex/row-conditioned-visual-coverage	1629d7fd8e	A	missing_on_main_same_path	docs/superpowers/plans/2026-06-05-row-conditioned-visual-coverage-prototype.md	snapshots/row-conditioned-visual-coverage/docs/superpowers/plans/2026-06-05-row-conditioned-visual-coverage-prototype.md	e78e3dc1d4e3f8ad5352793e2cf21d0e359bc4d039cb929ce0e7266cc32521eb	91648
row-conditioned-visual-coverage	codex/row-conditioned-visual-coverage	1629d7fd8e	A	missing_on_main_same_path	docs/superpowers/plans/2026-06-08-pixel-painted-row-coverage.md	snapshots/row-conditioned-visual-coverage/docs/superpowers/plans/2026-06-08-pixel-painted-row-coverage.md	3a3e526a1f46fd936ae809ebd1942d8cb0f22aa5099ef099fa63bdad9f733b2d	19617
row-conditioned-visual-coverage	codex/row-conditioned-visual-coverage	1629d7fd8e	A	missing_on_main_same_path	docs/superpowers/specs/2026-06-05-row-conditioned-visual-coverage-design.md	snapshots/row-conditioned-visual-coverage/docs/superpowers/specs/2026-06-05-row-conditioned-visual-coverage-design.md	7f68f787b2d5662547542609db50ec72510ec2ee5d6d50656a622429e1ffe9ff	13838
row-conditioned-visual-coverage	codex/row-conditioned-visual-coverage	1629d7fd8e	A	missing_on_main_same_path	docs/superpowers/specs/2026-06-05-row-conditioned-visual-coverage-protocol.md	snapshots/row-conditioned-visual-coverage/docs/superpowers/specs/2026-06-05-row-conditioned-visual-coverage-protocol.md	62aac6dd1bf03b7df33b0046fd4360627aad06d8be4d9f97e94c6dfe1a6a94d4	22287
row-conditioned-visual-coverage	codex/row-conditioned-visual-coverage	1629d7fd8e	A	missing_on_main_same_path	docs/superpowers/specs/2026-06-08-pixel-painted-row-coverage-design.md	snapshots/row-conditioned-visual-coverage/docs/superpowers/specs/2026-06-08-pixel-painted-row-coverage-design.md	316bebced7cf5c55c6a27b3076ffbe0f22e658c4ee892607557325a6a31b228c	11113
row-conditioned-visual-coverage	codex/row-conditioned-visual-coverage	1629d7fd8e	M	different_on_main_same_path	docs/training/STAGE2_RUNBOOK.md	snapshots/row-conditioned-visual-coverage/docs/training/STAGE2_RUNBOOK.md	b1cc3b4203c64b0ea29255d9f11b346d29f05fd47b94a60e18b4d1e98ab9e482	23725
row-conditioned-visual-coverage	codex/row-conditioned-visual-coverage	1629d7fd8e	A	same_on_main_same_path	progress/directions/2026-06-05_row_conditioned_visual_coverage.md		7fd6f8ee7201c84b6c1ee7de32b318ae823030f71f9b6ccffec5dc1dc431dfe1	33084
row-conditioned-visual-coverage	codex/row-conditioned-visual-coverage	1629d7fd8e	A	different_on_main_same_path	progress/directions/2026-06-07_segment_aware_packing_infra.md	snapshots/row-conditioned-visual-coverage/progress/directions/2026-06-07_segment_aware_packing_infra.md	02a9b448c136a183f3ad16eb2f3011f22db84bce95887b49dbc959050e09b37e	34568
row-conditioned-visual-coverage	codex/row-conditioned-visual-coverage	1629d7fd8e	M	different_on_main_same_path	progress/directions/README.md	snapshots/row-conditioned-visual-coverage/progress/directions/README.md	cb61575ebdaa94dd852ceced9a6bfc31c6993b99abb40394ca511a9196afd93e	2538
row-conditioned-visual-coverage	codex/row-conditioned-visual-coverage	1629d7fd8e	M	different_on_main_same_path	progress/index.yaml	snapshots/row-conditioned-visual-coverage/progress/index.yaml	9af40cb0757ede094e6dded2cb602fde12a781abe71e8cafb032996c3cf3c548	16638
segment-aware-packing-infra	codex/segment-aware-packing-infra	e8f9bb8e1a	M	different_on_main_same_path	configs/analysis/post_x1_instance_basin_tomography/five_ckpt_policy_objective_ckpt3668_phase_a3_3.yaml	snapshots/segment-aware-packing-infra/configs/analysis/post_x1_instance_basin_tomography/five_ckpt_policy_objective_ckpt3668_phase_a3_3.yaml	e80ca610c7316bb74e27c9a77e824ba68828dbab13be546c4af63f93e04f9c89	5608
segment-aware-packing-infra	codex/segment-aware-packing-infra	e8f9bb8e1a	M	different_on_main_same_path	configs/analysis/post_x1_instance_basin_tomography/five_ckpt_policy_objective_ckpt3668_phase_a3_3_smoke.yaml	snapshots/segment-aware-packing-infra/configs/analysis/post_x1_instance_basin_tomography/five_ckpt_policy_objective_ckpt3668_phase_a3_3_smoke.yaml	27e9d6df01198b7c22d6c6764713eb9a768fcb1fc1633308c25251d8cf8ce74e	5612
segment-aware-packing-infra	codex/segment-aware-packing-infra	e8f9bb8e1a	A	missing_on_main_same_path	configs/analysis/row_conditioned_visual_coverage/rollout_smoke.yaml	snapshots/segment-aware-packing-infra/configs/analysis/row_conditioned_visual_coverage/rollout_smoke.yaml	6b7974b44a4ca2209bcc6efc57a80baa003e8248b387478192cdd4f8c328fabd	2271
segment-aware-packing-infra	codex/segment-aware-packing-infra	e8f9bb8e1a	M	different_on_main_same_path	configs/infer/recursive_detection_ce/a5_instance_trie_gaussian_ckpt3664_val200_bsz4_rep1p10_max3084_chatfix_1gpu.yaml	snapshots/segment-aware-packing-infra/configs/infer/recursive_detection_ce/a5_instance_trie_gaussian_ckpt3664_val200_bsz4_rep1p10_max3084_chatfix_1gpu.yaml	384a14a9878b3ea760a8d4a81e6d934b46d0807c8fe968d377dac0f7b82326c5	2110
segment-aware-packing-infra	codex/segment-aware-packing-infra	e8f9bb8e1a	M	different_on_main_same_path	configs/infer/recursive_detection_ce/a6_ce_gaussian_mix0p2_ckpt3664_val200_bsz4_rep1p10_max3084_chatfix_1gpu.yaml	snapshots/segment-aware-packing-infra/configs/infer/recursive_detection_ce/a6_ce_gaussian_mix0p2_ckpt3664_val200_bsz4_rep1p10_max3084_chatfix_1gpu.yaml	5567b08ab0034c7cfe50a4394c8ccf042a7ef2fdd4726d449b5fa7bf34ba25d9	2082
segment-aware-packing-infra	codex/segment-aware-packing-infra	e8f9bb8e1a	M	different_on_main_same_path	configs/infer/recursive_detection_ce/compact_full_random_sft_bsz1_accum16_ckpt3664_val200_bsz4_rep1p10_max3084_chatfix_8gpu.yaml	snapshots/segment-aware-packing-infra/configs/infer/recursive_detection_ce/compact_full_random_sft_bsz1_accum16_ckpt3664_val200_bsz4_rep1p10_max3084_chatfix_8gpu.yaml	e627bb403257e74d14277de0a6f03ec9e9a8c5e39d12e220eb12d4758214004c	2150
segment-aware-packing-infra	codex/segment-aware-packing-infra	e8f9bb8e1a	M	different_on_main_same_path	configs/infer/recursive_detection_ce/compact_full_random_sft_ckpt2200_val200_bsz4_rep1p10_max3084_chatfix.yaml	snapshots/segment-aware-packing-infra/configs/infer/recursive_detection_ce/compact_full_random_sft_ckpt2200_val200_bsz4_rep1p10_max3084_chatfix.yaml	9e49ae80f625cd94f549e3cd9dc024f6d37819325f280133761babf0bc43b333	2083
segment-aware-packing-infra	codex/segment-aware-packing-infra	e8f9bb8e1a	M	different_on_main_same_path	configs/infer/recursive_detection_ce/compact_full_random_sft_ckpt2200_val200_bsz8_rep1p10.yaml	snapshots/segment-aware-packing-infra/configs/infer/recursive_detection_ce/compact_full_random_sft_ckpt2200_val200_bsz8_rep1p10.yaml	dedd28476bac919c92a017b576af3cae91b4b0b5fe657dcff7e5e0c7a21fac00	1903
segment-aware-packing-infra	codex/segment-aware-packing-infra	e8f9bb8e1a	M	different_on_main_same_path	configs/infer/recursive_detection_ce/compact_full_random_sft_ckpt2200_val200_bsz8_rep1p10_max3084_chatfix.yaml	snapshots/segment-aware-packing-infra/configs/infer/recursive_detection_ce/compact_full_random_sft_ckpt2200_val200_bsz8_rep1p10_max3084_chatfix.yaml	4f44bfae49e4697c65e0d1efaff4276f6f0ef958702e2183dee4aba6c4a64198	2013
segment-aware-packing-infra	codex/segment-aware-packing-infra	e8f9bb8e1a	M	different_on_main_same_path	configs/infer/recursive_detection_ce/compact_full_support2_ckpt3600_preflight8_bsz8.yaml	snapshots/segment-aware-packing-infra/configs/infer/recursive_detection_ce/compact_full_support2_ckpt3600_preflight8_bsz8.yaml	ade6211b94106dbd5cbe6171576a4faedc4071ee0bfada63acaedf07849db7db	1526
segment-aware-packing-infra	codex/segment-aware-packing-infra	e8f9bb8e1a	M	different_on_main_same_path	configs/infer/recursive_detection_ce/compact_full_support2_ckpt3600_val200_bsz8.yaml	snapshots/segment-aware-packing-infra/configs/infer/recursive_detection_ce/compact_full_support2_ckpt3600_val200_bsz8.yaml	ffd13cfd4448d78a05c6869475ebf45839bd6a0a01bdecf2333f299a3bacf147	1804
segment-aware-packing-infra	codex/segment-aware-packing-infra	e8f9bb8e1a	M	different_on_main_same_path	configs/infer/recursive_detection_ce/compact_full_support2_tokenrows_v2_ckpt3664_smoke2_hf.yaml	snapshots/segment-aware-packing-infra/configs/infer/recursive_detection_ce/compact_full_support2_tokenrows_v2_ckpt3664_smoke2_hf.yaml	ee62ff703a0c2fbb281f7430cde0d28889ad3707810e84000cab76d29b766f92	1798
segment-aware-packing-infra	codex/segment-aware-packing-infra	e8f9bb8e1a	M	different_on_main_same_path	configs/infer/recursive_detection_ce/compact_full_support2_tokenrows_v2_ckpt3664_val200_bsz8.yaml	snapshots/segment-aware-packing-infra/configs/infer/recursive_detection_ce/compact_full_support2_tokenrows_v2_ckpt3664_val200_bsz8.yaml	df8653ba8ff1c66d2b92a00047c46fa747d9fcb46524533e824faf89b0e1f9bd	1850
segment-aware-packing-infra	codex/segment-aware-packing-infra	e8f9bb8e1a	M	different_on_main_same_path	configs/infer/recursive_detection_ce/compact_full_support2_tokenrows_v2_ckpt3664_val200_bsz8_rep1p00.yaml	snapshots/segment-aware-packing-infra/configs/infer/recursive_detection_ce/compact_full_support2_tokenrows_v2_ckpt3664_val200_bsz8_rep1p00.yaml	7228739de79ad3ecd9afd671eb6ee2c00c5de7fa703c8b4e4ed9a03c83257126	1914
segment-aware-packing-infra	codex/segment-aware-packing-infra	e8f9bb8e1a	M	different_on_main_same_path	configs/infer/recursive_detection_ce/compact_full_support2_tokenrows_v2_ckpt3664_val200_bsz8_rep1p10.yaml	snapshots/segment-aware-packing-infra/configs/infer/recursive_detection_ce/compact_full_support2_tokenrows_v2_ckpt3664_val200_bsz8_rep1p10.yaml	514489d00664b69abd84173f903a404e0e8be0ee62f743f4fa417d800ab48833	1921
segment-aware-packing-infra	codex/segment-aware-packing-infra	e8f9bb8e1a	M	different_on_main_same_path	configs/infer/recursive_detection_ce/compact_full_support2_tokenrows_v2_ckpt3664_val200_bsz8_rep1p10_max3084_chatfix.yaml	snapshots/segment-aware-packing-infra/configs/infer/recursive_detection_ce/compact_full_support2_tokenrows_v2_ckpt3664_val200_bsz8_rep1p10_max3084_chatfix.yaml	59898b672122bc8a030a69fdfe0ef35dd4850e947bc5a1dc7ac26cfe873f68cb	2059
segment-aware-packing-infra	codex/segment-aware-packing-infra	e8f9bb8e1a	M	different_on_main_same_path	configs/infer/recursive_detection_ce/compact_full_support2_tokenrows_v2_ckpt3664_val200_bsz8_rep1p10_prompt_offset_fix.yaml	snapshots/segment-aware-packing-infra/configs/infer/recursive_detection_ce/compact_full_support2_tokenrows_v2_ckpt3664_val200_bsz8_rep1p10_prompt_offset_fix.yaml	92a820772516acbf85edf2260a3b578fbd89f9b05f1a86396db66cbd8212d319	2063
segment-aware-packing-infra	codex/segment-aware-packing-infra	e8f9bb8e1a	M	different_on_main_same_path	configs/stage1/detection_teacher_forcing/README.md	snapshots/segment-aware-packing-infra/configs/stage1/detection_teacher_forcing/README.md	f5f9e246c6c94820e69b321f265268c7224f1c04589783524182225156eae685	803
segment-aware-packing-infra	codex/segment-aware-packing-infra	e8f9bb8e1a	A	missing_on_main_same_path	configs/stage1/detection_teacher_forcing/ablation/row_coverage_random_sft_ce_cont_from_random_pure_sft_1epoch_eval512_8gpu.yaml	snapshots/segment-aware-packing-infra/configs/stage1/detection_teacher_forcing/ablation/row_coverage_random_sft_ce_cont_from_random_pure_sft_1epoch_eval512_8gpu.yaml	74ab52310e20b21841a0257cccd3f5f245d68be563402dc45ef45cf604598a71	2945
segment-aware-packing-infra	codex/segment-aware-packing-infra	e8f9bb8e1a	A	missing_on_main_same_path	configs/stage1/detection_teacher_forcing/ablation/row_coverage_random_sft_ce_cont_from_random_pure_sft_8gpu_preflight.yaml	snapshots/segment-aware-packing-infra/configs/stage1/detection_teacher_forcing/ablation/row_coverage_random_sft_ce_cont_from_random_pure_sft_8gpu_preflight.yaml	2c675e94c923b2393cf59f0fc9c4d0e4dac01bb4b7d2f224dc3adb42637cff58	579
segment-aware-packing-infra	codex/segment-aware-packing-infra	e8f9bb8e1a	A	missing_on_main_same_path	configs/stage1/detection_teacher_forcing/ablation/row_coverage_random_sft_ce_cont_from_random_pure_sft_all_layers_1gpu_debug.yaml	snapshots/segment-aware-packing-infra/configs/stage1/detection_teacher_forcing/ablation/row_coverage_random_sft_ce_cont_from_random_pure_sft_all_layers_1gpu_debug.yaml	f07b1404ab9c34f6a95a4b17cbc5c1758b498bd1428c64bf521c192414d07f6c	573
segment-aware-packing-infra	codex/segment-aware-packing-infra	e8f9bb8e1a	A	missing_on_main_same_path	configs/stage1/detection_teacher_forcing/ablation/row_coverage_random_sft_ce_cont_from_random_pure_sft_all_layers_1gpu_loss_trend.yaml	snapshots/segment-aware-packing-infra/configs/stage1/detection_teacher_forcing/ablation/row_coverage_random_sft_ce_cont_from_random_pure_sft_all_layers_1gpu_loss_trend.yaml	9264033f8394ba12f831fb10aacf1e421996a440d0d122e36a4fbb223d0c123c	470
segment-aware-packing-infra	codex/segment-aware-packing-infra	e8f9bb8e1a	A	missing_on_main_same_path	configs/stage1/detection_teacher_forcing/ablation/row_coverage_random_sft_ce_cont_from_random_pure_sft_all_layers_8gpu_smoke.yaml	snapshots/segment-aware-packing-infra/configs/stage1/detection_teacher_forcing/ablation/row_coverage_random_sft_ce_cont_from_random_pure_sft_all_layers_8gpu_smoke.yaml	d004a84b284a9b3daab9a1173e9746776ab761eaaacee5e49c0a9f901d7bcf8d	571
segment-aware-packing-infra	codex/segment-aware-packing-infra	e8f9bb8e1a	A	missing_on_main_same_path	configs/stage1/detection_teacher_forcing/ablation/row_coverage_random_sft_smoke.yaml	snapshots/segment-aware-packing-infra/configs/stage1/detection_teacher_forcing/ablation/row_coverage_random_sft_smoke.yaml	9d8e27b2767b0c1b102667ac7dffa9086a23b099b4562dd1a4736758caada89b	538
segment-aware-packing-infra	codex/segment-aware-packing-infra	e8f9bb8e1a	A	missing_on_main_same_path	configs/stage1/detection_teacher_forcing/ablation/row_coverage_sorted_sft_smoke.yaml	snapshots/segment-aware-packing-infra/configs/stage1/detection_teacher_forcing/ablation/row_coverage_sorted_sft_smoke.yaml	7fc02322ffc050b607138dcfdbbae601173921817bf2a3329687ca94bc2b3de6	526
segment-aware-packing-infra	codex/segment-aware-packing-infra	e8f9bb8e1a	M	missing_on_main_same_path	configs/stage1/detection_teacher_forcing/prod/compact_full_support2.yaml	snapshots/segment-aware-packing-infra/configs/stage1/detection_teacher_forcing/prod/compact_full_support2.yaml	30c58c16888287a28b340f09e78532a02a573c16b2d81224c23bf2f860f1cbf2	3497
segment-aware-packing-infra	codex/segment-aware-packing-infra	e8f9bb8e1a	M	different_on_main_same_path	configs/stage2/rollout_correction/base.yaml	snapshots/segment-aware-packing-infra/configs/stage2/rollout_correction/base.yaml	2fa5ae4a89b2ea5f1d67cf59cc850397edf9d22d27465d18d1dc2bc0dfc1c278	4227
segment-aware-packing-infra	codex/segment-aware-packing-infra	e8f9bb8e1a	M	different_on_main_same_path	configs/stage2/rollout_correction/smoke/compact_full_hf_1step.yaml	snapshots/segment-aware-packing-infra/configs/stage2/rollout_correction/smoke/compact_full_hf_1step.yaml	4021dee3cd05a144c024af4238390930a56c0f7fa9a53cd50fb17c7b3bbf7d58	2985
segment-aware-packing-infra	codex/segment-aware-packing-infra	e8f9bb8e1a	M	different_on_main_same_path	configs/stage2/rollout_correction/smoke/compact_full_vllm_train64_val32_12steps_baseline.yaml	snapshots/segment-aware-packing-infra/configs/stage2/rollout_correction/smoke/compact_full_vllm_train64_val32_12steps_baseline.yaml	448fb50fa9c2aaa6881320e73992f63d40a04a51863339b32b0262a9dc59f6a9	4215
segment-aware-packing-infra	codex/segment-aware-packing-infra	e8f9bb8e1a	M	different_on_main_same_path	docs/ARTIFACTS.md	snapshots/segment-aware-packing-infra/docs/ARTIFACTS.md	9ef2a0e6d2e2825bdfd3a35cb777600f21fe3288201b0d3cad7b57c8faee5d0a	29474
segment-aware-packing-infra	codex/segment-aware-packing-infra	e8f9bb8e1a	M	different_on_main_same_path	docs/catalog.yaml	snapshots/segment-aware-packing-infra/docs/catalog.yaml	73148a98db5039f78b870ce6d27177bcc29c275ce2f7e0fcc575bc0261355bef	18599
segment-aware-packing-infra	codex/segment-aware-packing-infra	e8f9bb8e1a	A	missing_on_main_same_path	docs/superpowers/plans/2026-06-05-row-conditioned-visual-coverage-prototype.md	snapshots/segment-aware-packing-infra/docs/superpowers/plans/2026-06-05-row-conditioned-visual-coverage-prototype.md	e78e3dc1d4e3f8ad5352793e2cf21d0e359bc4d039cb929ce0e7266cc32521eb	91648
segment-aware-packing-infra	codex/segment-aware-packing-infra	e8f9bb8e1a	A	missing_on_main_same_path	docs/superpowers/plans/2026-06-07-segment-aware-packing-v1.md	snapshots/segment-aware-packing-infra/docs/superpowers/plans/2026-06-07-segment-aware-packing-v1.md	236bb9959d16fdebaec1d7f32859dfb107ab816e57f92c1298215b84bad417c4	27125
segment-aware-packing-infra	codex/segment-aware-packing-infra	e8f9bb8e1a	A	missing_on_main_same_path	docs/superpowers/specs/2026-06-05-row-conditioned-visual-coverage-design.md	snapshots/segment-aware-packing-infra/docs/superpowers/specs/2026-06-05-row-conditioned-visual-coverage-design.md	7f68f787b2d5662547542609db50ec72510ec2ee5d6d50656a622429e1ffe9ff	13838
segment-aware-packing-infra	codex/segment-aware-packing-infra	e8f9bb8e1a	A	missing_on_main_same_path	docs/superpowers/specs/2026-06-05-row-conditioned-visual-coverage-protocol.md	snapshots/segment-aware-packing-infra/docs/superpowers/specs/2026-06-05-row-conditioned-visual-coverage-protocol.md	62aac6dd1bf03b7df33b0046fd4360627aad06d8be4d9f97e94c6dfe1a6a94d4	22287
segment-aware-packing-infra	codex/segment-aware-packing-infra	e8f9bb8e1a	A	missing_on_main_same_path	docs/superpowers/specs/2026-06-07-segment-aware-packing-v1-design.md	snapshots/segment-aware-packing-infra/docs/superpowers/specs/2026-06-07-segment-aware-packing-v1-design.md	de44f2a42ad9443972c862df8734e50475ec6f7d3d1f5acaaab67e9b149e4899	12887
segment-aware-packing-infra	codex/segment-aware-packing-infra	e8f9bb8e1a	A	missing_on_main_same_path	docs/superpowers/specs/2026-06-07-segment-aware-packing-v1-review-log.md	snapshots/segment-aware-packing-infra/docs/superpowers/specs/2026-06-07-segment-aware-packing-v1-review-log.md	5f80055579654f1dded46877b08e0df532e283d904f5bec0714bee66a89f370e	10111
segment-aware-packing-infra	codex/segment-aware-packing-infra	e8f9bb8e1a	M	different_on_main_same_path	docs/training/STAGE2_RUNBOOK.md	snapshots/segment-aware-packing-infra/docs/training/STAGE2_RUNBOOK.md	8c00876cf9882e72fcd66408034ec7686432e09ae01be4f2f031a7acdba8e70f	23656
segment-aware-packing-infra	codex/segment-aware-packing-infra	e8f9bb8e1a	A	same_on_main_same_path	progress/directions/2026-06-05_row_conditioned_visual_coverage.md		7fd6f8ee7201c84b6c1ee7de32b318ae823030f71f9b6ccffec5dc1dc431dfe1	33084
segment-aware-packing-infra	codex/segment-aware-packing-infra	e8f9bb8e1a	A	same_on_main_same_path	progress/directions/2026-06-07_segment_aware_packing_infra.md		6ffa8c1e73df62deca671898b003419f73424eea9f8e8cdc9b8e650131be2b6c	34954
segment-aware-packing-infra	codex/segment-aware-packing-infra	e8f9bb8e1a	M	different_on_main_same_path	progress/directions/README.md	snapshots/segment-aware-packing-infra/progress/directions/README.md	8ae992432b8308b014739ef5a2ea7870151bd5eb005d7238176e8ae3a1205c7e	2538
segment-aware-packing-infra	codex/segment-aware-packing-infra	e8f9bb8e1a	M	different_on_main_same_path	progress/index.yaml	snapshots/segment-aware-packing-infra/progress/index.yaml	b709961620897605a3dddd4b85534ac57db1ee32555eed72b2c4ba2d7e7b5963	16706
