{
  "num_samples": 99388,
  "mean_text_tokens": 976.6718919789109,
  "median_text_tokens": 503.0,
  "std_text_tokens": 1681.8476446404543,
  "min_text_tokens": 54,
  "max_text_tokens": 66580,
  "p95_text_tokens": 3303.649999999994,
  "p99_text_tokens": 7529.300000000047,
  "mean_image_tokens": 357.0460417756671,
  "median_image_tokens": 350.0,
  "std_image_tokens": 66.49614685765987,
  "min_image_tokens": 9,
  "max_image_tokens": 534,
  "mean_total_tokens": 1333.717933754578,
  "median_total_tokens": 864.0,
  "std_total_tokens": 1684.1959682858287,
  "min_total_tokens": 68,
  "max_total_tokens": 66930,
  "p95_total_tokens": 3668.649999999994,
  "p99_total_tokens": 7888.130000000005,
  "mean_objects_per_sample": 16.571306395138247,
  "median_objects_per_sample": 9.0
}